Time_Offset_Sec,H1_Strain_Masked
0.000000,7.469015e-19
0.000244,7.531839e-19
0.000488,7.074909e-19
0.000732,7.007343e-19
0.000977,7.158104e-19
0.001221,6.395376e-19
0.001465,6.358369e-19
0.001709,6.287438e-19
0.001953,5.555479e-19
0.002197,5.594860e-19
0.002441,5.296156e-19
0.002686,4.992877e-19
0.002930,5.264175e-19
0.003174,4.625391e-19
0.003418,4.343427e-19
0.003662,4.449998e-19
0.003906,3.699757e-19
0.004150,3.609211e-19
0.004395,3.532048e-19
0.004639,3.038983e-19
0.004883,3.297339e-19
0.005127,2.885371e-19
0.005371,2.371737e-19
0.005615,2.554246e-19
0.005859,1.902220e-19
0.006104,1.615532e-19
0.006348,1.730857e-19
0.006592,1.179764e-19
0.006836,1.290918e-19
0.007080,1.143475e-19
0.007324,4.882619e-20
0.007568,6.148388e-20
0.007812,1.549654e-20
0.008057,-3.330486e-20
0.008301,-1.093294e-20
0.008545,-5.816463e-20
0.008789,-6.990596e-20
0.009033,-6.359525e-20
0.009277,-1.298681e-19
0.009521,-1.319756e-19
0.009766,-1.580723e-19
0.010010,-2.202097e-19
0.010254,-1.978981e-19
0.010498,-2.278725e-19
0.010742,-2.619414e-19
0.010986,-2.450242e-19
0.011230,-3.005804e-19
0.011475,-3.203838e-19
0.011719,-3.307985e-19
0.011963,-3.981717e-19
0.012207,-3.848325e-19
0.012451,-3.935176e-19
0.012695,-4.422798e-19
0.012939,-4.275837e-19
0.013184,-4.657347e-19
0.013428,-5.001611e-19
0.013672,-5.028868e-19
0.013916,-5.671605e-19
0.014160,-5.681952e-19
0.014404,-5.579237e-19
0.014648,-6.116224e-19
0.014893,-6.078658e-19
0.015137,-6.275332e-19
0.015381,-6.703794e-19
0.015625,-6.728865e-19
0.015869,-7.279509e-19
0.016113,-7.432427e-19
0.016357,-7.199802e-19
0.016602,-7.698097e-19
0.016846,-7.814962e-19
0.017090,-7.869473e-19
0.017334,-8.308781e-19
0.017578,-8.360890e-19
0.017822,-8.821824e-19
0.018066,-9.106086e-19
0.018311,-8.788766e-19
0.018555,-9.185300e-19
0.018799,-9.447474e-19
0.019043,-9.419025e-19
0.019287,-9.820972e-19
0.019531,-9.916080e-19
0.019775,-1.028673e-18
0.020020,-1.068270e-18
0.020264,-1.033802e-18
0.020508,-1.058505e-18
0.020752,-1.097859e-18
0.020996,-1.092414e-18
0.021240,-1.125159e-18
0.021484,-1.138729e-18
0.021729,-1.166682e-18
0.021973,-1.214620e-18
0.022217,-1.182307e-18
0.022461,-1.189697e-18
0.022705,-1.238311e-18
0.022949,-1.234723e-18
0.023193,-1.259383e-18
0.023438,-1.276520e-18
0.023682,-1.295397e-18
0.023926,-1.350374e-18
0.024170,-1.324226e-18
0.024414,-1.312698e-18
0.024658,-1.367197e-18
0.024902,-1.368889e-18
0.025146,-1.384928e-18
0.025391,-1.405728e-18
0.025635,-1.414356e-18
0.025879,-1.471991e-18
0.026123,-1.459086e-18
0.026367,-1.427907e-18
0.026611,-1.482389e-18
0.026855,-1.494177e-18
0.027100,-1.500105e-18
0.027344,-1.525824e-18
0.027588,-1.525582e-18
0.027832,-1.580248e-18
0.028076,-1.584579e-18
0.028320,-1.536211e-18
0.028564,-1.583802e-18
0.028809,-1.608575e-18
0.029053,-1.605266e-18
0.029297,-1.633537e-18
0.029541,-1.628961e-18
0.029785,-1.673422e-18
0.030029,-1.697989e-18
0.030273,-1.640115e-18
0.030518,-1.671128e-18
0.030762,-1.712025e-18
0.031006,-1.701141e-18
0.031250,-1.728757e-18
0.031494,-1.725876e-18
0.031738,-1.753120e-18
0.031982,-1.796310e-18
0.032227,-1.738216e-18
0.032471,-1.745478e-18
0.032715,-1.801215e-18
0.032959,-1.788848e-18
0.033203,-1.810251e-18
0.033447,-1.814284e-18
0.033691,-1.823060e-18
0.033936,-1.877271e-18
0.034180,-1.830526e-18
0.034424,-1.810388e-18
0.034668,-1.873800e-18
0.034912,-1.868021e-18
0.035156,-1.877957e-18
0.035400,-1.890837e-18
0.035645,-1.883946e-18
0.035889,-1.939679e-18
0.036133,-1.913278e-18
0.036377,-1.867484e-18
0.036621,-1.930120e-18
0.036865,-1.938189e-18
0.037109,-1.933837e-18
0.037354,-1.954712e-18
0.037598,-1.939156e-18
0.037842,-1.984940e-18
0.038086,-1.982772e-18
0.038330,-1.920175e-18
0.038574,-1.969087e-18
0.038818,-1.995103e-18
0.039062,-1.979938e-18
0.039307,-2.003760e-18
0.039551,-1.987089e-18
0.039795,-2.016109e-18
0.040039,-2.036633e-18
0.040283,-1.967157e-18
0.040527,-1.994351e-18
0.040771,-2.038791e-18
0.041016,-2.016644e-18
0.041260,-2.037441e-18
0.041504,-2.027114e-18
0.041748,-2.035357e-18
0.041992,-2.071583e-18
0.042236,-2.008545e-18
0.042480,-2.008116e-18
0.042725,-2.065758e-18
0.042969,-2.045350e-18
0.043213,-2.056725e-18
0.043457,-2.056071e-18
0.043701,-2.046018e-18
0.043945,-2.089220e-18
0.044189,-2.041342e-18
0.044434,-2.013361e-18
0.044678,-2.075344e-18
0.044922,-2.064013e-18
0.045166,-2.063620e-18
0.045410,-2.073067e-18
0.045654,-2.049741e-18
0.045898,-2.087874e-18
0.046143,-2.062789e-18
0.046387,-2.013330e-18
0.046631,-2.069205e-18
0.046875,-2.073383e-18
0.047119,-2.058211e-18
0.047363,-2.075526e-18
0.047607,-2.047354e-18
0.047852,-2.071099e-18
0.048096,-2.069218e-18
0.048340,-2.007217e-18
0.048584,-2.048366e-18
0.048828,-2.069408e-18
0.049072,-2.044170e-18
0.049316,-2.063743e-18
0.049561,-2.037653e-18
0.049805,-2.043275e-18
0.050049,-2.059727e-18
0.050293,-1.996118e-18
0.050537,-2.015294e-18
0.050781,-2.051690e-18
0.051025,-2.021603e-18
0.051270,-2.036639e-18
0.051514,-2.020286e-18
0.051758,-2.005829e-18
0.052002,-2.031760e-18
0.052246,-1.978981e-18
0.052490,-1.973511e-18
0.052734,-2.019018e-18
0.052979,-1.991980e-18
0.053223,-1.996640e-18
0.053467,-1.991632e-18
0.053711,-1.962081e-18
0.053955,-1.988205e-18
0.054199,-1.951753e-18
0.054443,-1.924186e-18
0.054688,-1.971853e-18
0.054932,-1.953113e-18
0.055176,-1.945354e-18
0.055420,-1.951891e-18
0.055664,-1.912678e-18
0.055908,-1.929125e-18
0.056152,-1.912698e-18
0.056396,-1.870379e-18
0.056641,-1.910971e-18
0.056885,-1.904871e-18
0.057129,-1.884979e-18
0.057373,-1.897918e-18
0.057617,-1.858755e-18
0.057861,-1.859053e-18
0.058105,-1.859386e-18
0.058350,-1.812274e-18
0.058594,-1.838964e-18
0.058838,-1.846084e-18
0.059082,-1.816505e-18
0.059326,-1.831364e-18
0.059570,-1.798765e-18
0.059814,-1.780853e-18
0.060059,-1.792077e-18
0.060303,-1.748162e-18
0.060547,-1.758532e-18
0.060791,-1.775858e-18
0.061035,-1.742350e-18
0.061279,-1.752644e-18
0.061523,-1.730465e-18
0.061768,-1.697580e-18
0.062012,-1.710343e-18
0.062256,-1.676664e-18
0.062500,-1.671694e-18
0.062744,-1.693413e-18
0.062988,-1.661325e-18
0.063232,-1.664439e-18
0.063477,-1.652850e-18
0.063721,-1.610387e-18
0.063965,-1.618268e-18
0.064209,-1.595886e-18
0.064453,-1.580412e-18
0.064697,-1.602277e-18
0.064941,-1.573165e-18
0.065186,-1.567381e-18
0.065430,-1.565651e-18
0.065674,-1.518349e-18
0.065918,-1.516597e-18
0.066162,-1.505342e-18
0.066406,-1.483630e-18
0.066650,-1.502723e-18
0.066895,-1.478234e-18
0.067139,-1.463622e-18
0.067383,-1.469781e-18
0.067627,-1.422451e-18
0.067871,-1.409197e-18
0.068115,-1.405598e-18
0.068359,-1.381094e-18
0.068604,-1.396868e-18
0.068848,-1.376337e-18
0.069092,-1.353060e-18
0.069336,-1.365227e-18
0.069580,-1.321210e-18
0.069824,-1.296236e-18
0.070068,-1.298005e-18
0.070312,-1.272704e-18
0.070557,-1.285831e-18
0.070801,-1.270490e-18
0.071045,-1.236961e-18
0.071289,-1.252857e-18
0.071533,-1.215633e-18
0.071777,-1.178377e-18
0.072021,-1.183294e-18
0.072266,-1.158345e-18
0.072510,-1.168001e-18
0.072754,-1.160117e-18
0.072998,-1.115320e-18
0.073242,-1.131922e-18
0.073486,-1.107153e-18
0.073730,-1.056831e-18
0.073975,-1.062725e-18
0.074219,-1.040866e-18
0.074463,-1.042930e-18
0.074707,-1.046481e-18
0.074951,-9.927227e-19
0.075195,-1.001744e-18
0.075439,-9.950274e-19
0.075684,-9.336036e-19
0.075928,-9.355819e-19
0.076172,-9.217727e-19
0.076416,-9.123999e-19
0.076660,-9.279266e-19
0.076904,-8.714362e-19
0.077148,-8.655198e-19
0.077393,-8.781021e-19
0.077637,-8.106660e-19
0.077881,-8.029182e-19
0.078125,-7.996554e-19
0.078369,-7.784179e-19
0.078613,-8.032078e-19
0.078857,-7.519037e-19
0.079102,-7.240599e-19
0.079346,-7.538806e-19
0.079590,-6.898951e-19
0.079834,-6.648386e-19
0.080078,-6.760900e-19
0.080322,-6.453794e-19
0.080566,-6.694394e-19
0.080811,-6.356996e-19
0.081055,-5.826188e-19
0.081299,-6.199280e-19
0.081543,-5.731630e-19
0.081787,-5.243832e-19
0.082031,-5.464722e-19
0.082275,-5.155116e-19
0.082520,-5.288885e-19
0.082764,-5.190595e-19
0.083008,-4.466937e-19
0.083252,-4.771807e-19
0.083496,-4.583318e-19
0.083740,-3.882865e-19
0.083984,-4.103581e-19
0.084229,-3.906454e-19
0.084473,-3.853471e-19
0.084717,-3.969570e-19
0.084961,-3.191236e-19
0.085205,-3.273825e-19
0.085449,-3.394463e-19
0.085693,-2.586663e-19
0.085938,-2.681828e-19
0.086182,-2.678047e-19
0.086426,-2.432907e-19
0.086670,-2.678916e-19
0.086914,-2.003603e-19
0.087158,-1.775861e-19
0.087402,-2.135632e-19
0.087646,-1.373991e-19
0.087891,-1.236965e-19
0.088135,-1.435453e-19
0.088379,-1.082159e-19
0.088623,-1.317300e-19
0.088867,-8.595509e-20
0.089111,-3.421379e-20
0.089355,-7.885016e-20
0.089600,-2.369466e-20
0.089844,1.771858e-20
0.090088,-1.498457e-20
0.090332,1.800871e-20
0.090576,9.197003e-21
0.090820,2.784206e-20
0.091064,9.886082e-20
0.091309,6.363102e-20
0.091553,8.745007e-20
0.091797,1.513562e-19
0.092041,1.185566e-19
0.092285,1.379055e-19
0.092529,1.476895e-19
0.092773,1.447974e-19
0.093018,2.200054e-19
0.093262,2.071470e-19
0.093506,2.010583e-19
0.093750,2.733205e-19
0.093994,2.542807e-19
0.094238,2.539355e-19
0.094482,2.788356e-19
0.094727,2.670032e-19
0.094971,3.311457e-19
0.095215,3.452728e-19
0.095459,3.192701e-19
0.095703,3.846637e-19
0.095947,3.865783e-19
0.096191,3.696329e-19
0.096436,4.015873e-19
0.096680,3.905475e-19
0.096924,4.369885e-19
0.097168,4.747338e-19
0.097412,4.413911e-19
0.097656,4.891036e-19
0.097900,5.124264e-19
0.098145,4.862719e-19
0.098389,5.145671e-19
0.098633,5.123950e-19
0.098877,5.395948e-19
0.099121,5.910567e-19
0.099365,5.649277e-19
0.099609,5.902150e-19
0.099854,6.269866e-19
0.100098,6.015909e-19
0.100342,6.215457e-19
0.100586,6.296159e-19
0.100830,6.416667e-19
0.101074,6.967944e-19
0.101318,6.842185e-19
0.101562,6.897928e-19
0.101807,7.312864e-19
0.102051,7.129008e-19
0.102295,7.227688e-19
0.102539,7.381852e-19
0.102783,7.414686e-19
0.103027,7.933297e-19
0.103271,7.956661e-19
0.103516,7.886524e-19
0.103760,8.272611e-19
0.104004,8.168477e-19
0.104248,8.191681e-19
0.104492,8.390131e-19
0.104736,8.374517e-19
0.104980,8.823343e-19
0.105225,8.974235e-19
0.105469,8.841707e-19
0.105713,9.166545e-19
0.105957,9.122005e-19
0.106201,9.097759e-19
0.106445,9.336835e-19
0.106689,9.283859e-19
0.106934,9.640654e-19
0.107178,9.898596e-19
0.107422,9.745205e-19
0.107666,9.998225e-19
0.107910,9.993165e-19
0.108154,9.918959e-19
0.108398,1.019633e-18
0.108643,1.013447e-18
0.108887,1.038226e-18
0.109131,1.073384e-18
0.109375,1.057495e-18
0.109619,1.075323e-18
0.109863,1.080247e-18
0.110107,1.066016e-18
0.110352,1.096486e-18
0.110596,1.093989e-18
0.110840,1.104215e-18
0.111084,1.146591e-18
0.111328,1.134350e-18
0.111572,1.142710e-18
0.111816,1.153726e-18
0.112061,1.132183e-18
0.112305,1.162152e-18
0.112549,1.169128e-18
0.112793,1.163795e-18
0.113037,1.207717e-18
0.113281,1.203954e-18
0.113525,1.202934e-18
0.113770,1.218130e-18
0.114014,1.191552e-18
0.114258,1.216358e-18
0.114502,1.236489e-18
0.114746,1.218086e-18
0.114990,1.257527e-18
0.115234,1.266056e-18
0.115479,1.253781e-18
0.115723,1.273572e-18
0.115967,1.246261e-18
0.116211,1.257870e-18
0.116455,1.293722e-18
0.116699,1.269375e-18
0.116943,1.294760e-18
0.117188,1.317588e-18
0.117432,1.299090e-18
0.117676,1.316520e-18
0.117920,1.294985e-18
0.118164,1.290716e-18
0.118408,1.336990e-18
0.118652,1.317650e-18
0.118896,1.322749e-18
0.119141,1.357729e-18
0.119385,1.339487e-18
0.119629,1.348354e-18
0.119873,1.337093e-18
0.120117,1.316505e-18
0.120361,1.365483e-18
0.120605,1.360275e-18
0.120850,1.344198e-18
0.121094,1.383489e-18
0.121338,1.373308e-18
0.121582,1.370033e-18
0.121826,1.368548e-18
0.122070,1.339077e-18
0.122314,1.379751e-18
0.122559,1.393479e-18
0.122803,1.363612e-18
0.123047,1.395029e-18
0.123291,1.398161e-18
0.123535,1.385486e-18
0.123779,1.387910e-18
0.124023,1.356124e-18
0.124268,1.382926e-18
0.124512,1.413878e-18
0.124756,1.379915e-18
0.125000,1.395638e-18
0.125244,1.411575e-18
0.125488,1.395716e-18
0.125732,1.395884e-18
0.125977,1.366498e-18
0.126221,1.378526e-18
0.126465,1.420508e-18
0.126709,1.391691e-18
0.126953,1.388999e-18
0.127197,1.411991e-18
0.127441,1.398762e-18
0.127686,1.394078e-18
0.127930,1.368679e-18
0.128174,1.367885e-18
0.128418,1.413690e-18
0.128662,1.396183e-18
0.128906,1.377652e-18
0.129150,1.399148e-18
0.129395,1.393448e-18
0.129639,1.385987e-18
0.129883,1.360979e-18
0.130127,1.350959e-18
0.130371,1.395649e-18
0.130615,1.390033e-18
0.130859,1.362862e-18
0.131104,1.377006e-18
0.131348,1.377195e-18
0.131592,1.370526e-18
0.131836,1.345217e-18
0.132080,1.326894e-18
0.132324,1.368276e-18
0.132568,1.373295e-18
0.132812,1.342041e-18
0.133057,1.347506e-18
0.133301,1.349533e-18
0.133545,1.346799e-18
0.133789,1.323513e-18
0.134033,1.295290e-18
0.134277,1.332675e-18
0.134521,1.347542e-18
0.134766,1.314334e-18
0.135010,1.313364e-18
0.135254,1.312754e-18
0.135498,1.312457e-18
0.135742,1.296070e-18
0.135986,1.256838e-18
0.136230,1.287395e-18
0.136475,1.313885e-18
0.136719,1.278503e-18
0.136963,1.272944e-18
0.137207,1.270055e-18
0.137451,1.267277e-18
0.137695,1.262695e-18
0.137939,1.215060e-18
0.138184,1.232479e-18
0.138428,1.273015e-18
0.138672,1.235778e-18
0.138916,1.224788e-18
0.139160,1.223485e-18
0.139404,1.211686e-18
0.139648,1.219437e-18
0.139893,1.172245e-18
0.140137,1.168742e-18
0.140381,1.222201e-18
0.140625,1.189643e-18
0.140869,1.168780e-18
0.141113,1.173168e-18
0.141357,1.150307e-18
0.141602,1.164448e-18
0.141846,1.128527e-18
0.142090,1.099456e-18
0.142334,1.160112e-18
0.142578,1.141011e-18
0.142822,1.103505e-18
0.143066,1.116422e-18
0.143311,1.087523e-18
0.143555,1.095934e-18
0.143799,1.081433e-18
0.144043,1.030551e-18
0.144287,1.085204e-18
0.144531,1.089423e-18
0.144775,1.034486e-18
0.145020,1.050648e-18
0.145264,1.025402e-18
0.145508,1.016984e-18
0.145752,1.026062e-18
0.145996,9.650649e-19
0.146240,9.989125e-19
0.146484,1.031230e-18
0.146729,9.652760e-19
0.146973,9.746375e-19
0.147217,9.632836e-19
0.147461,9.329942e-19
0.147705,9.589349e-19
0.147949,9.038613e-19
0.148193,9.058401e-19
0.148438,9.628174e-19
0.148682,8.987815e-19
0.148926,8.881193e-19
0.149170,8.974630e-19
0.149414,8.505850e-19
0.149658,8.772728e-19
0.149902,8.446120e-19
0.150146,8.135151e-19
0.150391,8.805896e-19
0.150635,8.357184e-19
0.150879,7.977184e-19
0.151123,8.237389e-19
0.151367,7.731237e-19
0.151611,7.834634e-19
0.151855,7.814179e-19
0.152100,7.272211e-19
0.152344,7.848886e-19
0.152588,7.714023e-19
0.152832,7.081174e-19
0.153076,7.394310e-19
0.153320,7.002268e-19
0.153564,6.847476e-19
0.153809,7.093014e-19
0.154053,6.483332e-19
0.154297,6.808376e-19
0.154541,7.007980e-19
0.154785,6.237319e-19
0.155029,6.452244e-19
0.155273,6.281035e-19
0.155518,5.865871e-19
0.155762,6.240478e-19
0.156006,5.770434e-19
0.156250,5.754641e-19
0.156494,6.199237e-19
0.156738,5.465777e-19
0.156982,5.445771e-19
0.157227,5.530160e-19
0.157471,4.943572e-19
0.157715,5.273143e-19
0.157959,5.073124e-19
0.158203,4.742529e-19
0.158447,5.277156e-19
0.158691,4.737225e-19
0.158936,4.431863e-19
0.159180,4.710996e-19
0.159424,4.105188e-19
0.159668,4.232130e-19
0.159912,4.339314e-19
0.160156,3.830617e-19
0.160400,4.247803e-19
0.160645,4.002909e-19
0.160889,3.471009e-19
0.161133,3.793500e-19
0.161377,3.318362e-19
0.161621,3.191580e-19
0.161865,3.523963e-19
0.162109,2.999878e-19
0.162354,3.197584e-19
0.162598,3.232846e-19
0.162842,2.573253e-19
0.163086,2.832578e-19
0.163330,2.564984e-19
0.163574,2.177889e-19
0.163818,2.620774e-19
0.164062,2.240774e-19
0.164307,2.159851e-19
0.164551,2.384223e-19
0.164795,1.744792e-19
0.165039,1.835043e-19
0.165283,1.796812e-19
0.165527,1.248446e-19
0.165771,1.647872e-19
0.166016,1.510840e-19
0.166260,1.187465e-19
0.166504,1.477395e-19
0.166748,9.752309e-20
0.166992,8.463778e-20
0.167236,9.917516e-20
0.167480,4.004823e-20
0.167725,6.364095e-20
0.167969,7.648085e-20
0.168213,3.052061e-20
0.168457,5.278472e-20
0.168701,2.247879e-20
0.168945,-8.318702e-21
0.169189,1.570136e-20
0.169434,-3.760560e-20
0.169678,-3.658622e-20
0.169922,-1.350248e-21
0.170166,-4.903766e-20
0.170410,-4.310956e-20
0.170654,-5.366068e-20
0.170898,-9.576526e-20
0.171143,-7.079232e-20
0.171387,-1.096347e-19
0.171631,-1.319789e-19
0.171875,-8.478967e-20
0.172119,-1.203893e-19
0.172363,-1.349804e-19
0.172607,-1.318235e-19
0.172852,-1.757009e-19
0.173096,-1.585401e-19
0.173340,-1.788571e-19
0.173584,-2.196823e-19
0.173828,-1.722735e-19
0.174072,-1.873966e-19
0.174316,-2.203432e-19
0.174561,-2.105460e-19
0.174805,-2.494840e-19
0.175049,-2.438737e-19
0.175293,-2.464941e-19
0.175537,-2.979461e-19
0.175781,-2.602638e-19
0.176025,-2.525950e-19
0.176270,-2.970574e-19
0.176514,-2.905788e-19
0.176758,-3.187095e-19
0.177002,-3.252531e-19
0.177246,-3.143623e-19
0.177490,-3.671040e-19
0.177734,-3.474155e-19
0.177979,-3.177707e-19
0.178223,-3.646617e-19
0.178467,-3.687733e-19
0.178711,-3.841033e-19
0.178955,-4.014936e-19
0.179199,-3.823180e-19
0.179443,-4.277973e-19
0.179688,-4.296942e-19
0.179932,-3.843098e-19
0.180176,-4.236577e-19
0.180420,-4.429362e-19
0.180664,-4.475772e-19
0.180908,-4.700599e-19
0.181152,-4.502259e-19
0.181396,-4.817803e-19
0.181641,-5.033043e-19
0.181885,-4.537205e-19
0.182129,-4.761958e-19
0.182373,-5.092305e-19
0.182617,-5.094495e-19
0.182861,-5.313572e-19
0.183105,-5.154932e-19
0.183350,-5.316400e-19
0.183594,-5.670352e-19
0.183838,-5.222320e-19
0.184082,-5.242556e-19
0.184326,-5.671042e-19
0.184570,-5.692386e-19
0.184814,-5.860579e-19
0.185059,-5.771741e-19
0.185303,-5.790638e-19
0.185547,-6.202447e-19
0.185791,-5.885919e-19
0.186035,-5.706902e-19
0.186279,-6.152107e-19
0.186523,-6.248824e-19
0.186768,-6.352731e-19
0.187012,-6.323165e-19
0.187256,-6.244568e-19
0.187500,-6.639548e-19
0.187744,-6.483984e-19
0.187988,-6.165625e-19
0.188232,-6.547957e-19
0.188477,-6.744550e-19
0.188721,-6.807656e-19
0.188965,-6.808445e-19
0.189209,-6.669285e-19
0.189453,-7.000754e-19
0.189697,-6.996264e-19
0.189941,-6.613106e-19
0.190186,-6.877234e-19
0.190430,-7.153404e-19
0.190674,-7.213468e-19
0.190918,-7.228155e-19
0.191162,-7.061655e-19
0.191406,-7.303609e-19
0.191650,-7.415113e-19
0.191895,-7.039689e-19
0.192139,-7.167915e-19
0.192383,-7.483900e-19
0.192627,-7.565873e-19
0.192871,-7.583773e-19
0.193115,-7.396110e-19
0.193359,-7.547211e-19
0.193604,-7.741387e-19
0.193848,-7.408068e-19
0.194092,-7.421603e-19
0.194336,-7.733865e-19
0.194580,-7.848837e-19
0.194824,-7.892705e-19
0.195068,-7.685239e-19
0.195312,-7.739551e-19
0.195557,-7.991190e-19
0.195801,-7.712951e-19
0.196045,-7.640066e-19
0.196289,-7.920500e-19
0.196533,-8.043791e-19
0.196777,-8.134380e-19
0.197021,-7.928656e-19
0.197266,-7.877939e-19
0.197510,-8.163429e-19
0.197754,-7.951991e-19
0.197998,-7.809948e-19
0.198242,-8.055226e-19
0.198486,-8.168574e-19
0.198730,-8.293615e-19
0.198975,-8.129287e-19
0.199219,-7.962193e-19
0.199463,-8.250308e-19
0.199707,-8.128955e-19
0.199951,-7.916038e-19
0.200195,-8.150055e-19
0.200439,-8.233377e-19
0.200684,-8.359415e-19
0.200928,-8.298159e-19
0.201172,-8.010218e-19
0.201416,-8.256533e-19
0.201660,-8.250538e-19
0.201904,-7.962318e-19
0.202148,-8.183096e-19
0.202393,-8.255954e-19
0.202637,-8.328225e-19
0.202881,-8.391240e-19
0.203125,-8.033163e-19
0.203369,-8.169517e-19
0.203613,-8.296411e-19
0.203857,-7.965530e-19
0.204102,-8.145406e-19
0.204346,-8.255350e-19
0.204590,-8.229850e-19
0.204834,-8.393589e-19
0.205078,-8.054894e-19
0.205322,-8.017407e-19
0.205566,-8.252542e-19
0.205811,-7.933232e-19
0.206055,-8.017110e-19
0.206299,-8.198371e-19
0.206543,-8.078902e-19
0.206787,-8.280359e-19
0.207031,-8.049430e-19
0.207275,-7.826449e-19
0.207520,-8.116888e-19
0.207764,-7.869781e-19
0.208008,-7.825992e-19
0.208252,-8.095227e-19
0.208496,-7.905001e-19
0.208740,-8.064708e-19
0.208984,-8.000510e-19
0.209229,-7.614375e-19
0.209473,-7.875082e-19
0.209717,-7.761699e-19
0.209961,-7.590343e-19
0.210205,-7.909140e-19
0.210449,-7.725350e-19
0.210693,-7.761566e-19
0.210938,-7.868072e-19
0.211182,-7.423321e-19
0.211426,-7.547929e-19
0.211670,-7.591490e-19
0.211914,-7.327893e-19
0.212158,-7.635523e-19
0.212402,-7.530468e-19
0.212646,-7.400146e-19
0.212891,-7.638628e-19
0.213135,-7.231627e-19
0.213379,-7.158717e-19
0.213623,-7.341406e-19
0.213867,-7.053490e-19
0.214111,-7.289101e-19
0.214355,-7.305089e-19
0.214600,-7.019009e-19
0.214844,-7.298431e-19
0.215088,-7.026857e-19
0.215332,-6.752896e-19
0.215576,-7.001508e-19
0.215820,-6.760108e-19
0.216064,-6.877793e-19
0.216309,-7.026816e-19
0.216553,-6.634448e-19
0.216797,-6.862017e-19
0.217041,-6.783042e-19
0.217285,-6.352976e-19
0.217529,-6.577706e-19
0.217773,-6.434630e-19
0.218018,-6.426649e-19
0.218262,-6.685869e-19
0.218506,-6.264862e-19
0.218750,-6.343953e-19
0.218994,-6.471163e-19
0.219238,-5.972842e-19
0.219482,-6.075634e-19
0.219727,-6.071865e-19
0.219971,-5.958928e-19
0.220215,-6.265023e-19
0.220459,-5.895671e-19
0.220703,-5.791978e-19
0.220947,-6.079332e-19
0.221191,-5.598363e-19
0.221436,-5.539160e-19
0.221680,-5.657811e-19
0.221924,-5.472990e-19
0.222168,-5.784288e-19
0.222412,-5.536423e-19
0.222656,-5.220377e-19
0.222900,-5.593480e-19
0.223145,-5.239030e-19
0.223389,-4.982336e-19
0.223633,-5.183598e-19
0.223877,-4.990483e-19
0.224121,-5.244469e-19
0.224365,-5.150004e-19
0.224609,-4.659293e-19
0.224854,-5.030600e-19
0.225098,-4.864915e-19
0.225342,-4.429647e-19
0.225586,-4.656483e-19
0.225830,-4.503114e-19
0.226074,-4.657050e-19
0.226318,-4.739599e-19
0.226562,-4.130477e-19
0.226807,-4.386741e-19
0.227051,-4.466210e-19
0.227295,-3.902368e-19
0.227539,-4.070201e-19
0.227783,-4.020141e-19
0.228027,-4.042821e-19
0.228271,-4.283317e-19
0.228516,-3.649800e-19
0.228760,-3.695318e-19
0.229004,-4.019410e-19
0.229248,-3.409822e-19
0.229492,-3.448589e-19
0.229736,-3.539083e-19
0.229980,-3.410453e-19
0.230225,-3.763426e-19
0.230469,-3.229471e-19
0.230713,-2.980841e-19
0.230957,-3.501276e-19
0.231201,-2.972806e-19
0.231445,-2.789989e-19
0.231689,-3.042279e-19
0.231934,-2.821914e-19
0.232178,-3.163487e-19
0.232422,-2.849981e-19
0.232666,-2.307584e-19
0.232910,-2.889419e-19
0.233154,-2.589863e-19
0.233398,-2.143443e-19
0.233643,-2.501968e-19
0.233887,-2.288404e-19
0.234131,-2.507891e-19
0.234375,-2.468657e-19
0.234619,-1.713298e-19
0.234863,-2.195712e-19
0.235107,-2.216903e-19
0.235352,-1.552273e-19
0.235596,-1.903664e-19
0.235840,-1.813638e-19
0.236084,-1.825507e-19
0.236328,-2.042549e-19
0.236572,-1.237510e-19
0.236816,-1.433545e-19
0.237061,-1.813460e-19
0.237305,-1.056322e-19
0.237549,-1.240747e-19
0.237793,-1.383182e-19
0.238037,-1.183299e-19
0.238281,-1.536160e-19
0.238525,-8.720537e-20
0.238770,-6.879362e-20
0.239014,-1.332632e-19
0.239258,-6.678359e-20
0.239502,-5.560723e-20
0.239746,-9.396809e-20
0.239990,-6.205974e-20
0.240234,-9.398886e-20
0.240479,-5.655481e-20
0.240723,-2.216075e-21
0.240967,-7.456353e-20
0.241211,-3.667310e-20
0.241455,8.431715e-21
0.241699,-4.403773e-20
0.241943,-1.693855e-20
0.242188,-2.986875e-20
0.242432,-2.576287e-20
0.242676,5.044136e-20
0.242920,-6.297826e-21
0.243164,-9.581192e-21
0.243408,6.213512e-20
0.243652,1.322888e-20
0.243896,1.834419e-20
0.244141,3.184472e-20
0.244385,1.108128e-20
0.244629,8.716173e-20
0.244873,6.355829e-20
0.245117,2.209671e-20
0.245361,1.012152e-19
0.245605,7.434945e-20
0.245850,5.078961e-20
0.246094,8.527219e-20
0.246338,5.691458e-20
0.246582,1.123294e-19
0.246826,1.277925e-19
0.247070,6.289243e-20
0.247314,1.264253e-19
0.247559,1.337390e-19
0.247803,8.559797e-20
0.248047,1.248018e-19
0.248291,1.072313e-19
0.248535,1.323708e-19
0.248779,1.792384e-19
0.249023,1.129616e-19
0.249268,1.442387e-19
0.249512,1.845656e-19
0.249756,1.263816e-19
0.250000,1.523446e-19
0.250244,1.572878e-19
0.250488,1.550078e-19
0.250732,2.136037e-19
0.250977,1.665341e-19
0.251221,1.606693e-19
0.251465,2.200097e-19
0.251709,1.714576e-19
0.251953,1.731055e-19
0.252197,2.002728e-19
0.252441,1.831222e-19
0.252686,2.342445e-19
0.252930,2.175496e-19
0.253174,1.825097e-19
0.253418,2.419098e-19
0.253662,2.161718e-19
0.253906,1.922562e-19
0.254150,2.311591e-19
0.254395,2.149797e-19
0.254639,2.465373e-19
0.254883,2.577976e-19
0.255127,2.103707e-19
0.255371,2.528681e-19
0.255615,2.537380e-19
0.255859,2.148011e-19
0.256104,2.502014e-19
0.256348,2.467833e-19
0.256592,2.568183e-19
0.256836,2.841603e-19
0.257080,2.416031e-19
0.257324,2.588331e-19
0.257568,2.795298e-19
0.257812,2.386350e-19
0.258057,2.610448e-19
0.258301,2.728673e-19
0.258545,2.678225e-19
0.258789,2.981216e-19
0.259033,2.706992e-19
0.259277,2.662335e-19
0.259521,2.937252e-19
0.259766,2.608893e-19
0.260010,2.679718e-19
0.260254,2.902007e-19
0.260498,2.800493e-19
0.260742,3.030928e-19
0.260986,2.922318e-19
0.261230,2.747104e-19
0.261475,2.982752e-19
0.261719,2.782213e-19
0.261963,2.735997e-19
0.262207,2.988705e-19
0.262451,2.908014e-19
0.262695,3.033594e-19
0.262939,3.040053e-19
0.263184,2.835853e-19
0.263428,2.975937e-19
0.263672,2.858888e-19
0.263916,2.767722e-19
0.264160,3.011231e-19
0.264404,2.965221e-19
0.264648,3.008700e-19
0.264893,3.067076e-19
0.265137,2.893385e-19
0.265381,2.948892e-19
0.265625,2.860523e-19
0.265869,2.768522e-19
0.266113,2.986564e-19
0.266357,2.961355e-19
0.266602,2.951634e-19
0.266846,3.019812e-19
0.267090,2.887188e-19
0.267334,2.904884e-19
0.267578,2.804766e-19
0.267822,2.692699e-19
0.268066,2.925173e-19
0.268311,2.918908e-19
0.268555,2.862057e-19
0.268799,2.937841e-19
0.269043,2.812136e-19
0.269287,2.825429e-19
0.269531,2.723105e-19
0.269775,2.552236e-19
0.270020,2.818169e-19
0.270264,2.839401e-19
0.270508,2.712108e-19
0.270752,2.805976e-19
0.270996,2.693336e-19
0.271240,2.695980e-19
0.271484,2.622184e-19
0.271729,2.369557e-19
0.271973,2.638463e-19
0.272217,2.744228e-19
0.272461,2.529448e-19
0.272705,2.620286e-19
0.272949,2.539441e-19
0.273193,2.494724e-19
0.273438,2.491510e-19
0.273682,2.169445e-19
0.273926,2.371609e-19
0.274170,2.618835e-19
0.274414,2.331514e-19
0.274658,2.368397e-19
0.274902,2.363272e-19
0.275146,2.250817e-19
0.275391,2.307465e-19
0.275635,1.971712e-19
0.275879,2.035421e-19
0.276123,2.433318e-19
0.276367,2.147480e-19
0.276611,2.055594e-19
0.276855,2.144197e-19
0.277100,1.992545e-19
0.277344,2.061421e-19
0.277588,1.782326e-19
0.277832,1.671771e-19
0.278076,2.160467e-19
0.278320,1.974561e-19
0.278564,1.710498e-19
0.278809,1.866762e-19
0.279053,1.722982e-19
0.279297,1.747219e-19
0.279541,1.580542e-19
0.279785,1.311728e-19
0.280029,1.790165e-19
0.280273,1.791230e-19
0.280518,1.380117e-19
0.280762,1.516378e-19
0.281006,1.444775e-19
0.281250,1.402408e-19
0.281494,1.329053e-19
0.281738,9.748803e-20
0.281982,1.350840e-19
0.282227,1.562606e-19
0.282471,1.078477e-19
0.282715,1.103104e-19
0.282959,1.148614e-19
0.283203,1.040726e-19
0.283447,1.027926e-19
0.283691,6.735536e-20
0.283936,8.732467e-20
0.284180,1.264215e-19
0.284424,8.082576e-20
0.284668,6.646422e-20
0.284912,8.124539e-20
0.285156,6.821780e-20
0.285400,6.757235e-20
0.285645,3.787243e-20
0.285889,4.021180e-20
0.286133,8.858255e-20
0.286377,5.657715e-20
0.286621,2.440159e-20
0.286865,4.106616e-20
0.287109,3.355345e-20
0.287354,3.050085e-20
0.287598,6.577253e-21
0.287842,-4.953955e-21
0.288086,4.488240e-20
0.288330,3.053877e-20
0.288574,-1.449940e-20
0.288818,-2.475515e-21
0.289062,-2.442465e-21
0.289307,-7.515036e-21
0.289551,-2.555179e-20
0.289795,-4.596245e-20
0.290039,-2.253163e-21
0.290283,1.080016e-21
0.290527,-4.896119e-20
0.290771,-4.721648e-20
0.291016,-4.094370e-20
0.291260,-4.567922e-20
0.291504,-5.890757e-20
0.291748,-8.514257e-20
0.291992,-5.053503e-20
0.292236,-3.195707e-20
0.292480,-8.044588e-20
0.292725,-8.985647e-20
0.292969,-8.132211e-20
0.293213,-8.348146e-20
0.293457,-9.173795e-20
0.293701,-1.221960e-19
0.293945,-9.808077e-20
0.294189,-6.768382e-20
0.294434,-1.112019e-19
0.294678,-1.306162e-19
0.294922,-1.218214e-19
0.295166,-1.222055e-19
0.295410,-1.243442e-19
0.295654,-1.557277e-19
0.295898,-1.442655e-19
0.296143,-1.047976e-19
0.296387,-1.401509e-19
0.296631,-1.677999e-19
0.296875,-1.609620e-19
0.297119,-1.626147e-19
0.297363,-1.571711e-19
0.297607,-1.860102e-19
0.297852,-1.895208e-19
0.298096,-1.432086e-19
0.298340,-1.679212e-19
0.298584,-2.035850e-19
0.298828,-1.965855e-19
0.299072,-2.012909e-19
0.299316,-1.915012e-19
0.299561,-2.108797e-19
0.299805,-2.306209e-19
0.300049,-1.831705e-19
0.300293,-1.930970e-19
0.300537,-2.367609e-19
0.300781,-2.295989e-19
0.301025,-2.365192e-19
0.301270,-2.281877e-19
0.301514,-2.325090e-19
0.301758,-2.652857e-19
0.302002,-2.246893e-19
0.302246,-2.154050e-19
0.302490,-2.665122e-19
0.302734,-2.613557e-19
0.302979,-2.656810e-19
0.303223,-2.661891e-19
0.303467,-2.534997e-19
0.303711,-2.912661e-19
0.303955,-2.674551e-19
0.304199,-2.377891e-19
0.304443,-2.908957e-19
0.304688,-2.933214e-19
0.304932,-2.886645e-19
0.305176,-3.007095e-19
0.305420,-2.768585e-19
0.305664,-3.077857e-19
0.305908,-3.064694e-19
0.306152,-2.611415e-19
0.306396,-3.071169e-19
0.306641,-3.233095e-19
0.306885,-3.078583e-19
0.307129,-3.296074e-19
0.307373,-3.041696e-19
0.307617,-3.171911e-19
0.307861,-3.387263e-19
0.308105,-2.882191e-19
0.308350,-3.163391e-19
0.308594,-3.502438e-19
0.308838,-3.249157e-19
0.309082,-3.485921e-19
0.309326,-3.336611e-19
0.309570,-3.228283e-19
0.309814,-3.598844e-19
0.310059,-3.184084e-19
0.310303,-3.213076e-19
0.310547,-3.703382e-19
0.310791,-3.439515e-19
0.311035,-3.585094e-19
0.311279,-3.611172e-19
0.311523,-3.296940e-19
0.311768,-3.683362e-19
0.312012,-3.475032e-19
0.312256,-3.253873e-19
0.312500,-3.811018e-19
0.312744,-3.633235e-19
0.312988,-3.614680e-19
0.313232,-3.822822e-19
0.313477,-3.409233e-19
0.313721,-3.657893e-19
0.313965,-3.711181e-19
0.314209,-3.328349e-19
0.314453,-3.806775e-19
0.314697,-3.810359e-19
0.314941,-3.607139e-19
0.315186,-3.923891e-19
0.315430,-3.560802e-19
0.315674,-3.560938e-19
0.315918,-3.843138e-19
0.316162,-3.435650e-19
0.316406,-3.722255e-19
0.316650,-3.926461e-19
0.316895,-3.606236e-19
0.317139,-3.914425e-19
0.317383,-3.701928e-19
0.317627,-3.457998e-19
0.317871,-3.847700e-19
0.318115,-3.549107e-19
0.318359,-3.599964e-19
0.318604,-3.948705e-19
0.318848,-3.607649e-19
0.319092,-3.809930e-19
0.319336,-3.803708e-19
0.319580,-3.366993e-19
0.319824,-3.720364e-19
0.320068,-3.637910e-19
0.320312,-3.477609e-19
0.320557,-3.865267e-19
0.320801,-3.603646e-19
0.321045,-3.643394e-19
0.321289,-3.815829e-19
0.321533,-3.308705e-19
0.321777,-3.497495e-19
0.322021,-3.643694e-19
0.322266,-3.368750e-19
0.322510,-3.694173e-19
0.322754,-3.571010e-19
0.322998,-3.441323e-19
0.323242,-3.717951e-19
0.323486,-3.263193e-19
0.323730,-3.222977e-19
0.323975,-3.540057e-19
0.324219,-3.269772e-19
0.324463,-3.448548e-19
0.324707,-3.465574e-19
0.324951,-3.227583e-19
0.325195,-3.521783e-19
0.325439,-3.196490e-19
0.325684,-2.931445e-19
0.325928,-3.320080e-19
0.326172,-3.150616e-19
0.326416,-3.170831e-19
0.326660,-3.283209e-19
0.326904,-2.997352e-19
0.327148,-3.236391e-19
0.327393,-3.082544e-19
0.327637,-2.649607e-19
0.327881,-2.992916e-19
0.328125,-2.996891e-19
0.328369,-2.877716e-19
0.328613,-3.017040e-19
0.328857,-2.747256e-19
0.329102,-2.877988e-19
0.329346,-2.899933e-19
0.329590,-2.376706e-19
0.329834,-2.582305e-19
0.330078,-2.757300e-19
0.330322,-2.569651e-19
0.330566,-2.685950e-19
0.330811,-2.471743e-19
0.331055,-2.477435e-19
0.331299,-2.623240e-19
0.331543,-2.108687e-19
0.331787,-2.129916e-19
0.332031,-2.434453e-19
0.332275,-2.251735e-19
0.332520,-2.293271e-19
0.332764,-2.141963e-19
0.333008,-2.043450e-19
0.333252,-2.266098e-19
0.333496,-1.819927e-19
0.333740,-1.646087e-19
0.333984,-2.021393e-19
0.334229,-1.914688e-19
0.334473,-1.865795e-19
0.334717,-1.761145e-19
0.334961,-1.584812e-19
0.335205,-1.816252e-19
0.335449,-1.504802e-19
0.335693,-1.161516e-19
0.335938,-1.517171e-19
0.336182,-1.529335e-19
0.336426,-1.407696e-19
0.336670,-1.331577e-19
0.336914,-1.107581e-19
0.337158,-1.303282e-19
0.337402,-1.147006e-19
0.337646,-6.857185e-20
0.337891,-9.529186e-20
0.338135,-1.092871e-19
0.338379,-9.291675e-20
0.338623,-8.553148e-20
0.338867,-6.119468e-20
0.339111,-7.292913e-20
0.339355,-7.137206e-20
0.339600,-2.112688e-20
0.339844,-3.370479e-20
0.340088,-5.864950e-20
0.340332,-4.332019e-20
0.340576,-3.329873e-20
0.340820,-8.782982e-21
0.341064,-1.231450e-20
0.341309,-2.159783e-20
0.341553,2.658161e-20
0.341797,3.014058e-20
0.342041,-1.084654e-21
0.342285,9.425819e-21
0.342529,2.245227e-20
0.342773,4.571533e-20
0.343018,5.157304e-20
0.343262,3.606197e-20
0.343506,7.542818e-20
0.343750,9.411736e-20
0.343994,6.230824e-20
0.344238,6.532435e-20
0.344482,8.049055e-20
0.344727,1.025193e-19
0.344971,1.168530e-19
0.345215,9.878425e-20
0.345459,1.272850e-19
0.345703,1.578971e-19
0.345947,1.302834e-19
0.346191,1.255223e-19
0.346436,1.408281e-19
0.346680,1.618056e-19
0.346924,1.827492e-19
0.347168,1.664513e-19
0.347412,1.829981e-19
0.347656,2.197584e-19
0.347900,2.006319e-19
0.348145,1.895020e-19
0.348389,2.029762e-19
0.348633,2.231397e-19
0.348877,2.491246e-19
0.349121,2.375281e-19
0.349365,2.430385e-19
0.349609,2.819854e-19
0.349854,2.723217e-19
0.350098,2.571819e-19
0.350342,2.679266e-19
0.350586,2.849054e-19
0.350830,3.157939e-19
0.351074,3.105275e-19
0.351318,3.063421e-19
0.351562,3.452968e-19
0.351807,3.432584e-19
0.352051,3.267103e-19
0.352295,3.363199e-19
0.352539,3.480460e-19
0.352783,3.811397e-19
0.353027,3.854003e-19
0.353271,3.733047e-19
0.353516,4.079220e-19
0.353760,4.142547e-19
0.354004,3.969588e-19
0.354248,4.063287e-19
0.354492,4.136196e-19
0.354736,4.447636e-19
0.354980,4.612979e-19
0.355225,4.431407e-19
0.355469,4.703504e-19
0.355713,4.861365e-19
0.355957,4.667417e-19
0.356201,4.768586e-19
0.356445,4.829436e-19
0.356689,5.061564e-19
0.356934,5.346810e-19
0.357178,5.157095e-19
0.357422,5.326306e-19
0.357666,5.568355e-19
0.357910,5.361319e-19
0.358154,5.460417e-19
0.358398,5.547219e-19
0.358643,5.670087e-19
0.358887,6.048663e-19
0.359131,5.915262e-19
0.359375,5.946010e-19
0.359619,6.255380e-19
0.359863,6.064661e-19
0.360107,6.118343e-19
0.360352,6.278705e-19
0.360596,6.287939e-19
0.360840,6.687817e-19
0.361084,6.690864e-19
0.361328,6.572231e-19
0.361572,6.904972e-19
0.361816,6.780932e-19
0.362061,6.745684e-19
0.362305,6.996156e-19
0.362549,6.936375e-19
0.362793,7.263827e-19
0.363037,7.436560e-19
0.363281,7.224817e-19
0.363525,7.508266e-19
0.363770,7.488341e-19
0.364014,7.356981e-19
0.364258,7.668382e-19
0.364502,7.615104e-19
0.364746,7.797377e-19
0.364990,8.127343e-19
0.365234,7.909718e-19
0.365479,8.064224e-19
0.365723,8.164634e-19
0.365967,7.962337e-19
0.366211,8.267785e-19
0.366455,8.307218e-19
0.366699,8.322377e-19
0.366943,8.738189e-19
0.367188,8.606835e-19
0.367432,8.596940e-19
0.367676,8.790719e-19
0.367920,8.569163e-19
0.368164,8.803818e-19
0.368408,8.985376e-19
0.368652,8.858305e-19
0.368896,9.246255e-19
0.369141,9.282155e-19
0.369385,9.131944e-19
0.369629,9.340412e-19
0.369873,9.174294e-19
0.370117,9.290926e-19
0.370361,9.594944e-19
0.370605,9.415986e-19
0.370850,9.683489e-19
0.371094,9.900717e-19
0.371338,9.680660e-19
0.371582,9.811616e-19
0.371826,9.740566e-19
0.372070,9.751647e-19
0.372314,1.012073e-18
0.372559,9.982677e-19
0.372803,1.007237e-18
0.373047,1.041408e-18
0.373291,1.023551e-18
0.373535,1.023956e-18
0.373779,1.024975e-18
0.374023,1.019519e-18
0.374268,1.055547e-18
0.374512,1.052760e-18
0.374756,1.044990e-18
0.375000,1.081896e-18
0.375244,1.075960e-18
0.375488,1.063956e-18
0.375732,1.067364e-18
0.375977,1.061013e-18
0.376221,1.092616e-18
0.376465,1.101046e-18
0.376709,1.082886e-18
0.376953,1.113271e-18
0.377197,1.121548e-18
0.377441,1.103599e-18
0.377686,1.101839e-18
0.377930,1.097207e-18
0.378174,1.123485e-18
0.378418,1.140032e-18
0.378662,1.119449e-18
0.378906,1.137702e-18
0.379150,1.157017e-18
0.379395,1.140548e-18
0.379639,1.130624e-18
0.379883,1.126751e-18
0.380127,1.150053e-18
0.380371,1.171729e-18
0.380615,1.151597e-18
0.380859,1.157726e-18
0.381104,1.181349e-18
0.381348,1.171967e-18
0.381592,1.156295e-18
0.381836,1.147516e-18
0.382080,1.169496e-18
0.382324,1.195875e-18
0.382568,1.177420e-18
0.382812,1.174774e-18
0.383057,1.196794e-18
0.383301,1.194803e-18
0.383545,1.178345e-18
0.383789,1.161049e-18
0.384033,1.180347e-18
0.384277,1.212911e-18
0.384521,1.195649e-18
0.384766,1.186190e-18
0.385010,1.204811e-18
0.385254,1.207685e-18
0.385498,1.195350e-18
0.385742,1.170654e-18
0.385986,1.182184e-18
0.386230,1.222113e-18
0.386475,1.208046e-18
0.386719,1.190945e-18
0.386963,1.207030e-18
0.387207,1.209781e-18
0.387451,1.203569e-18
0.387695,1.176941e-18
0.387939,1.173002e-18
0.388184,1.220955e-18
0.388428,1.215749e-18
0.388672,1.186606e-18
0.388916,1.202766e-18
0.389160,1.204787e-18
0.389404,1.200442e-18
0.389648,1.180291e-18
0.389893,1.159322e-18
0.390137,1.206941e-18
0.390381,1.217413e-18
0.390625,1.176258e-18
0.390869,1.188774e-18
0.391113,1.193433e-18
0.391357,1.185446e-18
0.391602,1.175685e-18
0.391846,1.143009e-18
0.392090,1.179599e-18
0.392334,1.210128e-18
0.392578,1.162463e-18
0.392822,1.164416e-18
0.393066,1.176614e-18
0.393311,1.160998e-18
0.393555,1.159960e-18
0.393799,1.125446e-18
0.394043,1.140714e-18
0.394287,1.190079e-18
0.394531,1.145644e-18
0.394775,1.128644e-18
0.395020,1.150880e-18
0.395264,1.130516e-18
0.395508,1.130581e-18
0.395752,1.104515e-18
0.395996,1.095560e-18
0.396240,1.154364e-18
0.396484,1.126116e-18
0.396729,1.086267e-18
0.396973,1.114185e-18
0.397217,1.095791e-18
0.397461,1.087627e-18
0.397705,1.076500e-18
0.397949,1.048672e-18
0.398193,1.102453e-18
0.398438,1.099907e-18
0.398682,1.041051e-18
0.398926,1.063417e-18
0.399170,1.056184e-18
0.399414,1.035701e-18
0.399658,1.037401e-18
0.399902,1.001641e-18
0.400146,1.036514e-18
0.400391,1.060945e-18
0.400635,9.946272e-19
0.400879,1.000252e-18
0.401123,1.009175e-18
0.401367,9.775987e-19
0.401611,9.835528e-19
0.401855,9.537868e-19
0.402100,9.630642e-19
0.402344,1.005465e-18
0.402588,9.473712e-19
0.402832,9.278106e-19
0.403076,9.502115e-19
0.403320,9.162594e-19
0.403564,9.163856e-19
0.403809,9.001252e-19
0.404053,8.863889e-19
0.404297,9.338521e-19
0.404541,8.961577e-19
0.404785,8.524022e-19
0.405029,8.780443e-19
0.405273,8.505020e-19
0.405518,8.386379e-19
0.405762,8.365151e-19
0.406006,8.095159e-19
0.406250,8.474441e-19
0.406494,8.345108e-19
0.406738,7.756800e-19
0.406982,7.924311e-19
0.407227,7.788897e-19
0.407471,7.551151e-19
0.407715,7.602415e-19
0.407959,7.319637e-19
0.408203,7.518791e-19
0.408447,7.600340e-19
0.408691,6.987835e-19
0.408936,6.978004e-19
0.409180,6.975052e-19
0.409424,6.671290e-19
0.409668,6.720684e-19
0.409912,6.505861e-19
0.410156,6.522593e-19
0.410400,6.704621e-19
0.410645,6.185860e-19
0.410889,5.993445e-19
0.411133,6.046982e-19
0.411377,5.750618e-19
0.411621,5.751616e-19
0.411865,5.618633e-19
0.412109,5.492402e-19
0.412354,5.692128e-19
0.412598,5.313903e-19
0.412842,4.974402e-19
0.413086,5.025081e-19
0.413330,4.773469e-19
0.413574,4.713568e-19
0.413818,4.651925e-19
0.414062,4.452419e-19
0.414307,4.595662e-19
0.414551,4.339065e-19
0.414795,3.942201e-19
0.415039,3.931448e-19
0.415283,3.711703e-19
0.415527,3.628800e-19
0.415771,3.607834e-19
0.416016,3.364931e-19
0.416260,3.442789e-19
0.416504,3.276860e-19
0.416748,2.872083e-19
0.416992,2.810276e-19
0.417236,2.581359e-19
0.417480,2.478028e-19
0.417725,2.513088e-19
0.417969,2.240352e-19
0.418213,2.247436e-19
0.418457,2.146639e-19
0.418701,1.740998e-19
0.418945,1.649189e-19
0.419189,1.410304e-19
0.419434,1.264542e-19
0.419678,1.364000e-19
0.419922,1.079909e-19
0.420166,1.002246e-19
0.420410,9.643258e-20
0.420654,5.506115e-20
0.420898,4.440276e-20
0.421143,2.200660e-20
0.421387,-1.980834e-21
0.421631,1.533008e-20
0.421875,-9.447422e-21
0.422119,-2.926406e-20
0.422363,-2.612101e-20
0.422607,-6.769555e-20
0.422852,-8.177780e-20
0.423096,-9.693151e-20
0.423340,-1.340742e-19
0.423584,-1.134419e-19
0.423828,-1.263646e-19
0.424072,-1.621381e-19
0.424316,-1.545738e-19
0.424561,-1.912088e-19
0.424805,-2.141178e-19
0.425049,-2.189259e-19
0.425293,-2.655622e-19
0.425537,-2.510050e-19
0.425781,-2.453893e-19
0.426025,-2.931737e-19
0.426270,-2.892478e-19
0.426514,-3.152469e-19
0.426758,-3.497752e-19
0.427002,-3.443942e-19
0.427246,-3.928242e-19
0.427490,-3.955431e-19
0.427734,-3.684387e-19
0.427979,-4.213000e-19
0.428223,-4.311484e-19
0.428467,-4.397462e-19
0.428711,-4.857140e-19
0.428955,-4.773009e-19
0.429199,-5.157233e-19
0.429443,-5.419334e-19
0.429688,-4.993410e-19
0.429932,-5.432627e-19
0.430176,-5.745013e-19
0.430420,-5.680455e-19
0.430664,-6.178483e-19
0.430908,-6.171072e-19
0.431152,-6.371489e-19
0.431396,-6.843067e-19
0.431641,-6.406044e-19
0.431885,-6.607091e-19
0.432129,-7.152281e-19
0.432373,-7.039812e-19
0.432617,-7.443077e-19
0.432861,-7.598772e-19
0.433105,-7.596387e-19
0.433350,-8.179404e-19
0.433594,-7.897931e-19
0.433838,-7.793149e-19
0.434082,-8.495554e-19
0.434326,-8.459416e-19
0.434570,-8.676643e-19
0.434814,-9.011028e-19
0.435059,-8.881428e-19
0.435303,-9.428229e-19
0.435547,-9.398716e-19
0.435791,-9.027466e-19
0.436035,-9.721480e-19
0.436279,-9.901567e-19
0.436523,-9.915062e-19
0.436768,-1.035056e-18
0.437012,-1.022982e-18
0.437256,-1.060551e-18
0.437500,-1.085511e-18
0.437744,-1.035667e-18
0.437988,-1.086845e-18
0.438232,-1.131522e-18
0.438477,-1.118705e-18
0.438721,-1.160416e-18
0.438965,-1.160268e-18
0.439209,-1.175529e-18
0.439453,-1.219525e-18
0.439697,-1.174617e-18
0.439941,-1.196309e-18
0.440186,-1.262893e-18
0.440430,-1.251576e-18
0.440674,-1.278597e-18
0.440918,-1.294059e-18
0.441162,-1.293356e-18
0.441406,-1.342027e-18
0.441650,-1.314643e-18
0.441895,-1.306820e-18
0.442139,-1.381895e-18
0.442383,-1.384705e-18
0.442627,-1.392528e-18
0.442871,-1.419987e-18
0.443115,-1.413165e-18
0.443359,-1.454123e-18
0.443604,-1.450018e-18
0.443848,-1.422096e-18
0.444092,-1.488571e-18
0.444336,-1.514189e-18
0.444580,-1.507292e-18
0.444824,-1.535401e-18
0.445068,-1.533021e-18
0.445312,-1.559759e-18
0.445557,-1.574358e-18
0.445801,-1.540545e-18
0.446045,-1.586996e-18
0.446289,-1.632961e-18
0.446533,-1.622429e-18
0.446777,-1.642938e-18
0.447021,-1.647845e-18
0.447266,-1.661540e-18
0.447510,-1.686572e-18
0.447754,-1.658288e-18
0.447998,-1.682010e-18
0.448242,-1.738595e-18
0.448486,-1.735747e-18
0.448730,-1.743628e-18
0.448975,-1.754059e-18
0.449219,-1.761726e-18
0.449463,-1.786958e-18
0.449707,-1.770197e-18
0.449951,-1.775540e-18
0.450195,-1.830653e-18
0.450439,-1.842561e-18
0.450684,-1.840405e-18
0.450928,-1.850168e-18
0.451172,-1.857163e-18
0.451416,-1.877937e-18
0.451660,-1.871450e-18
0.451904,-1.868446e-18
0.452148,-1.913509e-18
0.452393,-1.937207e-18
0.452637,-1.934053e-18
0.452881,-1.936943e-18
0.453125,-1.944261e-18
0.453369,-1.962751e-18
0.453613,-1.960567e-18
0.453857,-1.955868e-18
0.454102,-1.989990e-18
0.454346,-2.018520e-18
0.454590,-2.021769e-18
0.454834,-2.017410e-18
0.455078,-2.021140e-18
0.455322,-2.039822e-18
0.455566,-2.040296e-18
0.455811,-2.035530e-18
0.456055,-2.061195e-18
0.456299,-2.087858e-18
0.456543,-2.098650e-18
0.456787,-2.092177e-18
0.457031,-2.087450e-18
0.457275,-2.107232e-18
0.457520,-2.109766e-18
0.457764,-2.103706e-18
0.458008,-2.126671e-18
0.458252,-2.146121e-18
0.458496,-2.161733e-18
0.458740,-2.161258e-18
0.458984,-2.144926e-18
0.459229,-2.163136e-18
0.459473,-2.170404e-18
0.459717,-2.159786e-18
0.459961,-2.182585e-18
0.460205,-2.197806e-18
0.460449,-2.209935e-18
0.460693,-2.219199e-18
0.460938,-2.195905e-18
0.461182,-2.205051e-18
0.461426,-2.221498e-18
0.461670,-2.206779e-18
0.461914,-2.226369e-18
0.462158,-2.242834e-18
0.462402,-2.244925e-18
0.462646,-2.264141e-18
0.462891,-2.241572e-18
0.463135,-2.234224e-18
0.463379,-2.259152e-18
0.463623,-2.243341e-18
0.463867,-2.257166e-18
0.464111,-2.279166e-18
0.464355,-2.269028e-18
0.464600,-2.292743e-18
0.464844,-2.280335e-18
0.465088,-2.254109e-18
0.465332,-2.282505e-18
0.465576,-2.273236e-18
0.465820,-2.274189e-18
0.466064,-2.303208e-18
0.466309,-2.287152e-18
0.466553,-2.303305e-18
0.466797,-2.307374e-18
0.467041,-2.266850e-18
0.467285,-2.287922e-18
0.467529,-2.291934e-18
0.467773,-2.280539e-18
0.468018,-2.314108e-18
0.468262,-2.297368e-18
0.468506,-2.298414e-18
0.468750,-2.320687e-18
0.468994,-2.274067e-18
0.469238,-2.279063e-18
0.469482,-2.297551e-18
0.469727,-2.276610e-18
0.469971,-2.308475e-18
0.470215,-2.300046e-18
0.470459,-2.281103e-18
0.470703,-2.314601e-18
0.470947,-2.275939e-18
0.471191,-2.256484e-18
0.471436,-2.286557e-18
0.471680,-2.265665e-18
0.471924,-2.286713e-18
0.472168,-2.291827e-18
0.472412,-2.254999e-18
0.472656,-2.288613e-18
0.472900,-2.268037e-18
0.473145,-2.225232e-18
0.473389,-2.257512e-18
0.473633,-2.244239e-18
0.473877,-2.250372e-18
0.474121,-2.269258e-18
0.474365,-2.223142e-18
0.474609,-2.243891e-18
0.474854,-2.246984e-18
0.475098,-2.188626e-18
0.475342,-2.210779e-18
0.475586,-2.212264e-18
0.475830,-2.202515e-18
0.476074,-2.230506e-18
0.476318,-2.184607e-18
0.476562,-2.182401e-18
0.476807,-2.209372e-18
0.477051,-2.146165e-18
0.477295,-2.147109e-18
0.477539,-2.166718e-18
0.477783,-2.145975e-18
0.478027,-2.173286e-18
0.478271,-2.137804e-18
0.478516,-2.110348e-18
0.478760,-2.150728e-18
0.479004,-2.097164e-18
0.479248,-2.071601e-18
0.479492,-2.102853e-18
0.479736,-2.080494e-18
0.479980,-2.100139e-18
0.480225,-2.079589e-18
0.480469,-2.029866e-18
0.480713,-2.072079e-18
0.480957,-2.039512e-18
0.481201,-1.987702e-18
0.481445,-2.021193e-18
0.481689,-2.006466e-18
0.481934,-2.011691e-18
0.482178,-2.007907e-18
0.482422,-1.943943e-18
0.482666,-1.972476e-18
0.482910,-1.967929e-18
0.483154,-1.897900e-18
0.483398,-1.921273e-18
0.483643,-1.921498e-18
0.483887,-1.910983e-18
0.484131,-1.920272e-18
0.484375,-1.853073e-18
0.484619,-1.857952e-18
0.484863,-1.880236e-18
0.485107,-1.803427e-18
0.485352,-1.806346e-18
0.485596,-1.823257e-18
0.485840,-1.800963e-18
0.486084,-1.814951e-18
0.486328,-1.754724e-18
0.486572,-1.731832e-18
0.486816,-1.771849e-18
0.487061,-1.703841e-18
0.487305,-1.680010e-18
0.487549,-1.708978e-18
0.487793,-1.683112e-18
0.488037,-1.692410e-18
0.488281,-1.648219e-18
0.488525,-1.598239e-18
0.488770,-1.642471e-18
0.489014,-1.596197e-18
0.489258,-1.545431e-18
0.489502,-1.577839e-18
0.489746,-1.557440e-18
0.489990,-1.556321e-18
0.490234,-1.528965e-18
0.490479,-1.460185e-18
0.490723,-1.495875e-18
0.490967,-1.476114e-18
0.491211,-1.405652e-18
0.491455,-1.431539e-18
0.491699,-1.422794e-18
0.491943,-1.408077e-18
0.492188,-1.394755e-18
0.492432,-1.318484e-18
0.492676,-1.334219e-18
0.492920,-1.341291e-18
0.493164,-1.261791e-18
0.493408,-1.270820e-18
0.493652,-1.276626e-18
0.493896,-1.251431e-18
0.494141,-1.246451e-18
0.494385,-1.172554e-18
0.494629,-1.161871e-18
0.494873,-1.189632e-18
0.495117,-1.113765e-18
0.495361,-1.100557e-18
0.495605,-1.118540e-18
0.495850,-1.086984e-18
0.496094,-1.083876e-18
0.496338,-1.020079e-18
0.496582,-9.824541e-19
0.496826,-1.021720e-18
0.497070,-9.602743e-19
0.497314,-9.224841e-19
0.497559,-9.474423e-19
0.497803,-9.161507e-19
0.498047,-9.079316e-19
0.498291,-8.597547e-19
0.498535,-7.999641e-19
0.498779,-8.368473e-19
0.499023,-7.987783e-19
0.499268,-7.403908e-19
0.499512,-7.642827e-19
0.499756,-7.396740e-19
0.500000,-7.214294e-19
0.500244,-6.899126e-19
0.500488,-6.161489e-19
0.500732,-6.392364e-19
0.500977,-6.271913e-19
0.501221,-5.554268e-19
0.501465,-5.702088e-19
0.501709,-5.565874e-19
0.501953,-5.273088e-19
0.502197,-5.084760e-19
0.502441,-4.304811e-19
0.502686,-4.330538e-19
0.502930,-4.431648e-19
0.503174,-3.677933e-19
0.503418,-3.685056e-19
0.503662,-3.663850e-19
0.503906,-3.264101e-19
0.504150,-3.158329e-19
0.504395,-2.437494e-19
0.504639,-2.210395e-19
0.504883,-2.474714e-19
0.505127,-1.789989e-19
0.505371,-1.605669e-19
0.505615,-1.689139e-19
0.505859,-1.228383e-19
0.506104,-1.133658e-19
0.506348,-5.419801e-20
0.506592,-7.136663e-21
0.506836,-3.996690e-20
0.507080,1.331826e-20
0.507324,5.185937e-20
0.507568,3.520714e-20
0.507812,8.150449e-20
0.508057,9.904334e-20
0.508301,1.390104e-19
0.508545,2.050991e-19
0.508789,1.785946e-19
0.509033,2.084519e-19
0.509277,2.648443e-19
0.509521,2.472363e-19
0.509766,2.867044e-19
0.510010,3.177587e-19
0.510254,3.394635e-19
0.510498,4.140136e-19
0.510742,4.030584e-19
0.510986,4.095484e-19
0.511230,4.763358e-19
0.511475,4.645282e-19
0.511719,4.919085e-19
0.511963,5.383316e-19
0.512207,5.472599e-19
0.512451,6.180390e-19
0.512695,6.313026e-19
0.512939,6.182163e-19
0.513184,6.838673e-19
0.513428,6.867892e-19
0.513672,6.987189e-19
0.513916,7.572166e-19
0.514160,7.622576e-19
0.514404,8.187660e-19
0.514648,8.569720e-19
0.514893,8.328091e-19
0.515137,8.884737e-19
0.515381,9.100196e-19
0.515625,9.070069e-19
0.515869,9.711513e-19
0.516113,9.841208e-19
0.516357,1.019441e-18
0.516602,1.075727e-18
0.516846,1.054854e-18
0.517090,1.091010e-18
0.517334,1.129339e-18
0.517578,1.118723e-18
0.517822,1.178696e-18
0.518066,1.207458e-18
0.518311,1.221463e-18
0.518555,1.285347e-18
0.518799,1.279631e-18
0.519043,1.293618e-18
0.519287,1.342730e-18
0.519531,1.334162e-18
0.519775,1.381334e-18
0.520020,1.426905e-18
0.520264,1.428748e-18
0.520508,1.486511e-18
0.520752,1.500095e-18
0.520996,1.498274e-18
0.521240,1.547420e-18
0.521484,1.547895e-18
0.521729,1.579464e-18
0.521973,1.638349e-18
0.522217,1.638304e-18
0.522461,1.680344e-18
0.522705,1.713568e-18
0.522949,1.705221e-18
0.523193,1.745299e-18
0.523438,1.757451e-18
0.523682,1.775956e-18
0.523926,1.840371e-18
0.524170,1.847406e-18
0.524414,1.870457e-18
0.524658,1.914217e-18
0.524902,1.911264e-18
0.525146,1.937268e-18
0.525391,1.957732e-18
0.525635,1.970843e-18
0.525879,2.031516e-18
0.526123,2.050864e-18
0.526367,2.059442e-18
0.526611,2.102673e-18
0.526855,2.111124e-18
0.527100,2.125846e-18
0.527344,2.147729e-18
0.527588,2.159797e-18
0.527832,2.214258e-18
0.528076,2.244274e-18
0.528320,2.245762e-18
0.528564,2.280395e-18
0.528809,2.300033e-18
0.529053,2.311298e-18
0.529297,2.327535e-18
0.529541,2.340562e-18
0.529785,2.390033e-18
0.530029,2.425621e-18
0.530273,2.426055e-18
0.530518,2.450303e-18
0.530762,2.474601e-18
0.531006,2.488967e-18
0.531250,2.499764e-18
0.531494,2.508998e-18
0.531738,2.556843e-18
0.531982,2.595654e-18
0.532227,2.597013e-18
0.532471,2.613744e-18
0.532715,2.634706e-18
0.532959,2.656266e-18
0.533203,2.665703e-18
0.533447,2.664343e-18
0.533691,2.711891e-18
0.533936,2.754777e-18
0.534180,2.755400e-18
0.534424,2.768559e-18
0.534668,2.783095e-18
0.534912,2.807533e-18
0.535156,2.823182e-18
0.535400,2.809429e-18
0.535645,2.852861e-18
0.535889,2.903890e-18
0.536133,2.899204e-18
0.536377,2.911701e-18
0.536621,2.921883e-18
0.536865,2.939712e-18
0.537109,2.968908e-18
0.537354,2.946342e-18
0.537598,2.974884e-18
0.537842,3.039784e-18
0.538086,3.031414e-18
0.538330,3.038761e-18
0.538574,3.051779e-18
0.538818,3.055813e-18
0.539062,3.096745e-18
0.539307,3.077057e-18
0.539551,3.079988e-18
0.539795,3.158238e-18
0.540039,3.154061e-18
0.540283,3.147053e-18
0.540527,3.169652e-18
0.540771,3.159655e-18
0.541016,3.201375e-18
0.541260,3.198862e-18
0.541504,3.173204e-18
0.541748,3.254207e-18
0.541992,3.266917e-18
0.542236,3.238889e-18
0.542480,3.269436e-18
0.542725,3.254334e-18
0.542969,3.283059e-18
0.543213,3.305956e-18
0.543457,3.257695e-18
0.543701,3.324080e-18
0.543945,3.366108e-18
0.544189,3.318209e-18
0.544434,3.346890e-18
0.544678,3.339730e-18
0.544922,3.344265e-18
0.545166,3.391213e-18
0.545410,3.337672e-18
0.545654,3.371577e-18
0.545898,3.444531e-18
0.546143,3.388795e-18
0.546387,3.400400e-18
0.546631,3.412633e-18
0.546875,3.391007e-18
0.547119,3.447838e-18
0.547363,3.411065e-18
0.547607,3.402218e-18
0.547852,3.496030e-18
0.548096,3.451784e-18
0.548340,3.431608e-18
0.548584,3.466129e-18
0.548828,3.428607e-18
0.549072,3.475675e-18
0.549316,3.471409e-18
0.549561,3.422737e-18
0.549805,3.515450e-18
0.550049,3.503168e-18
0.550293,3.448045e-18
0.550537,3.493435e-18
0.550781,3.458275e-18
0.551025,3.477655e-18
0.551270,3.508461e-18
0.551514,3.439716e-18
0.551758,3.506512e-18
0.552002,3.534675e-18
0.552246,3.455153e-18
0.552490,3.491955e-18
0.552734,3.476934e-18
0.552979,3.462769e-18
0.553223,3.516426e-18
0.553467,3.451657e-18
0.553711,3.475423e-18
0.553955,3.539522e-18
0.554199,3.454763e-18
0.554443,3.464385e-18
0.554688,3.477182e-18
0.554932,3.435979e-18
0.555176,3.492772e-18
0.555420,3.452318e-18
0.555664,3.430214e-18
0.555908,3.512658e-18
0.556152,3.445426e-18
0.556396,3.417565e-18
0.556641,3.453230e-18
0.556885,3.400461e-18
0.557129,3.440142e-18
0.557373,3.435472e-18
0.557617,3.377386e-18
0.557861,3.453048e-18
0.558105,3.420740e-18
0.558350,3.357496e-18
0.558594,3.400066e-18
0.558838,3.355210e-18
0.559082,3.365207e-18
0.559326,3.392131e-18
0.559570,3.319541e-18
0.559814,3.367584e-18
0.560059,3.372864e-18
0.560303,3.288119e-18
0.560547,3.320479e-18
0.560791,3.295653e-18
0.561035,3.273921e-18
0.561279,3.318423e-18
0.561523,3.252973e-18
0.561768,3.262442e-18
0.562012,3.297320e-18
0.562256,3.210292e-18
0.562500,3.217942e-18
0.562744,3.216143e-18
0.562988,3.171792e-18
0.563232,3.217585e-18
0.563477,3.173207e-18
0.563721,3.144906e-18
0.563965,3.192663e-18
0.564209,3.119521e-18
0.564453,3.097222e-18
0.564697,3.112643e-18
0.564941,3.058779e-18
0.565186,3.090982e-18
0.565430,3.074062e-18
0.565674,3.018769e-18
0.565918,3.060908e-18
0.566162,3.011962e-18
0.566406,2.964054e-18
0.566650,2.985765e-18
0.566895,2.933095e-18
0.567139,2.944564e-18
0.567383,2.952240e-18
0.567627,2.883314e-18
0.567871,2.907306e-18
0.568115,2.882679e-18
0.568359,2.818330e-18
0.568604,2.837419e-18
0.568848,2.793387e-18
0.569092,2.781704e-18
0.569336,2.806910e-18
0.569580,2.738216e-18
0.569824,2.736946e-18
0.570068,2.732108e-18
0.570312,2.660787e-18
0.570557,2.669803e-18
0.570801,2.638152e-18
0.571045,2.604981e-18
0.571289,2.638350e-18
0.571533,2.579874e-18
0.571777,2.553022e-18
0.572021,2.560246e-18
0.572266,2.490239e-18
0.572510,2.486318e-18
0.572754,2.466678e-18
0.572998,2.415860e-18
0.573242,2.449339e-18
0.573486,2.408168e-18
0.573730,2.357724e-18
0.573975,2.368921e-18
0.574219,2.304789e-18
0.574463,2.286107e-18
0.574707,2.280043e-18
0.574951,2.215318e-18
0.575195,2.240702e-18
0.575439,2.222255e-18
0.575684,2.152024e-18
0.575928,2.159438e-18
0.576172,2.107527e-18
0.576416,2.072061e-18
0.576660,2.077120e-18
0.576904,2.007110e-18
0.577148,2.014070e-18
0.577393,2.019404e-18
0.577637,1.938245e-18
0.577881,1.932936e-18
0.578125,1.896877e-18
0.578369,1.844845e-18
0.578613,1.858223e-18
0.578857,1.791688e-18
0.579102,1.772344e-18
0.579346,1.799580e-18
0.579590,1.718484e-18
0.579834,1.692050e-18
0.580078,1.672883e-18
0.580322,1.608669e-18
0.580566,1.621548e-18
0.580811,1.569202e-18
0.581055,1.520688e-18
0.581299,1.559884e-18
0.581543,1.493362e-18
0.581787,1.440918e-18
0.582031,1.434517e-18
0.582275,1.366300e-18
0.582520,1.368803e-18
0.582764,1.338325e-18
0.583008,1.264507e-18
0.583252,1.300740e-18
0.583496,1.260713e-18
0.583740,1.183307e-18
0.583984,1.179674e-18
0.584229,1.118910e-18
0.584473,1.103365e-18
0.584717,1.094404e-18
0.584961,1.008145e-18
0.585205,1.026691e-18
0.585449,1.016964e-18
0.585693,9.235610e-19
0.585938,9.124400e-19
0.586182,8.657075e-19
0.586426,8.296863e-19
0.586670,8.375736e-19
0.586914,7.518966e-19
0.587158,7.415015e-19
0.587402,7.595490e-19
0.587646,6.644272e-19
0.587891,6.337534e-19
0.588135,6.043594e-19
0.588379,5.535746e-19
0.588623,5.666242e-19
0.588867,4.954320e-19
0.589111,4.526002e-19
0.589355,4.864325e-19
0.589600,4.057357e-19
0.589844,3.492444e-19
0.590088,3.337774e-19
0.590332,2.772803e-19
0.590576,2.833348e-19
0.590820,2.350327e-19
0.591064,1.663788e-19
0.591309,1.989966e-19
0.591553,1.444673e-19
0.591797,6.544710e-20
0.592041,5.310501e-20
0.592285,7.960966e-22
0.592529,-5.653819e-21
0.592773,-3.279704e-20
0.593018,-1.157502e-19
0.593262,-9.741777e-20
0.593506,-1.232860e-19
0.593750,-2.144668e-19
0.593994,-2.341589e-19
0.594238,-2.763938e-19
0.594482,-2.967724e-19
0.594727,-3.080382e-19
0.594971,-3.920872e-19
0.595215,-3.967265e-19
0.595459,-3.986490e-19
0.595703,-4.901204e-19
0.595947,-5.250558e-19
0.596191,-5.563823e-19
0.596436,-5.862572e-19
0.596680,-5.890893e-19
0.596924,-6.653644e-19
0.597168,-6.933375e-19
0.597412,-6.820494e-19
0.597656,-7.625419e-19
0.597900,-8.132154e-19
0.598145,-8.386615e-19
0.598389,-8.727800e-19
0.598633,-8.739648e-19
0.598877,-9.370110e-19
0.599121,-9.845484e-19
0.599365,-9.706073e-19
0.599609,-1.033292e-18
0.599854,-1.096724e-18
0.600098,-1.121219e-18
0.600342,-1.155778e-18
0.600586,-1.158062e-18
0.600830,-1.207284e-18
0.601074,-1.268690e-18
0.601318,-1.258795e-18
0.601562,-1.304315e-18
0.601807,-1.373668e-18
0.602051,-1.401313e-18
0.602295,-1.436155e-18
0.602539,-1.439465e-18
0.602783,-1.475710e-18
0.603027,-1.544045e-18
0.603271,-1.542798e-18
0.603516,-1.574501e-18
0.603760,-1.643790e-18
0.604004,-1.674991e-18
0.604248,-1.711097e-18
0.604492,-1.717285e-18
0.604736,-1.740224e-18
0.604980,-1.811973e-18
0.605225,-1.821058e-18
0.605469,-1.841442e-18
0.605713,-1.908509e-18
0.605957,-1.940750e-18
0.606201,-1.979209e-18
0.606445,-1.989498e-18
0.606689,-1.998536e-18
0.606934,-2.071784e-18
0.607178,-2.091040e-18
0.607422,-2.101607e-18
0.607666,-2.167519e-18
0.607910,-2.198851e-18
0.608154,-2.235588e-18
0.608398,-2.256068e-18
0.608643,-2.251786e-18
0.608887,-2.319652e-18
0.609131,-2.352837e-18
0.609375,-2.353996e-18
0.609619,-2.417339e-18
0.609863,-2.448393e-18
0.610107,-2.480087e-18
0.610352,-2.513491e-18
0.610596,-2.498894e-18
0.610840,-2.555157e-18
0.611084,-2.603723e-18
0.611328,-2.597586e-18
0.611572,-2.655922e-18
0.611816,-2.691591e-18
0.612061,-2.711912e-18
0.612305,-2.756469e-18
0.612549,-2.741136e-18
0.612793,-2.777181e-18
0.613037,-2.840815e-18
0.613281,-2.831955e-18
0.613525,-2.880223e-18
0.613770,-2.925504e-18
0.614014,-2.931589e-18
0.614258,-2.982787e-18
0.614502,-2.976105e-18
0.614746,-2.987611e-18
0.614990,-3.061708e-18
0.615234,-3.057552e-18
0.615479,-3.089912e-18
0.615723,-3.146510e-18
0.615967,-3.140880e-18
0.616211,-3.189055e-18
0.616455,-3.200709e-18
0.616699,-3.188292e-18
0.616943,-3.262321e-18
0.617188,-3.272543e-18
0.617432,-3.285312e-18
0.617676,-3.351291e-18
0.617920,-3.342074e-18
0.618164,-3.375330e-18
0.618408,-3.408566e-18
0.618652,-3.380991e-18
0.618896,-3.442481e-18
0.619141,-3.472338e-18
0.619385,-3.467034e-18
0.619629,-3.536349e-18
0.619873,-3.534100e-18
0.620117,-3.543415e-18
0.620361,-3.596391e-18
0.620605,-3.565967e-18
0.620850,-3.603278e-18
0.621094,-3.653738e-18
0.621338,-3.636817e-18
0.621582,-3.699350e-18
0.621826,-3.712436e-18
0.622070,-3.696457e-18
0.622314,-3.758756e-18
0.622559,-3.739433e-18
0.622803,-3.747886e-18
0.623047,-3.812329e-18
0.623291,-3.794796e-18
0.623535,-3.840360e-18
0.623779,-3.873578e-18
0.624023,-3.837821e-18
0.624268,-3.894826e-18
0.624512,-3.898627e-18
0.624756,-3.877965e-18
0.625000,-3.945584e-18
0.625244,-3.939390e-18
0.625488,-3.960611e-18
0.625732,-4.012948e-18
0.625977,-3.968730e-18
0.626221,-4.005398e-18
0.626465,-4.037340e-18
0.626709,-3.997747e-18
0.626953,-4.054279e-18
0.627197,-4.066121e-18
0.627441,-4.064614e-18
0.627686,-4.127343e-18
0.627930,-4.086708e-18
0.628174,-4.093766e-18
0.628418,-4.149506e-18
0.628662,-4.105738e-18
0.628906,-4.138759e-18
0.629150,-4.171439e-18
0.629395,-4.153040e-18
0.629639,-4.214138e-18
0.629883,-4.191089e-18
0.630127,-4.164503e-18
0.630371,-4.232593e-18
0.630615,-4.200840e-18
0.630859,-4.201764e-18
0.631104,-4.251868e-18
0.631348,-4.227049e-18
0.631592,-4.273534e-18
0.631836,-4.275613e-18
0.632080,-4.220961e-18
0.632324,-4.284874e-18
0.632568,-4.278343e-18
0.632812,-4.249401e-18
0.633057,-4.304421e-18
0.633301,-4.285025e-18
0.633545,-4.309770e-18
0.633789,-4.335434e-18
0.634033,-4.265390e-18
0.634277,-4.308396e-18
0.634521,-4.332720e-18
0.634766,-4.282206e-18
0.635010,-4.327813e-18
0.635254,-4.325094e-18
0.635498,-4.323791e-18
0.635742,-4.366722e-18
0.635986,-4.297621e-18
0.636230,-4.306583e-18
0.636475,-4.359479e-18
0.636719,-4.302306e-18
0.636963,-4.325197e-18
0.637207,-4.342557e-18
0.637451,-4.320932e-18
0.637695,-4.367527e-18
0.637939,-4.314097e-18
0.638184,-4.285342e-18
0.638428,-4.352909e-18
0.638672,-4.308846e-18
0.638916,-4.300238e-18
0.639160,-4.333173e-18
0.639404,-4.302934e-18
0.639648,-4.338227e-18
0.639893,-4.310544e-18
0.640137,-4.249548e-18
0.640381,-4.313312e-18
0.640625,-4.296103e-18
0.640869,-4.256605e-18
0.641113,-4.294588e-18
0.641357,-4.269070e-18
0.641602,-4.283697e-18
0.641846,-4.280724e-18
0.642090,-4.201544e-18
0.642334,-4.244302e-18
0.642578,-4.258670e-18
0.642822,-4.199400e-18
0.643066,-4.227377e-18
0.643311,-4.215127e-18
0.643555,-4.207573e-18
0.643799,-4.221517e-18
0.644043,-4.141042e-18
0.644287,-4.151276e-18
0.644531,-4.191750e-18
0.644775,-4.128789e-18
0.645020,-4.135013e-18
0.645264,-4.138701e-18
0.645508,-4.114537e-18
0.645752,-4.133024e-18
0.645996,-4.064960e-18
0.646240,-4.039315e-18
0.646484,-4.092696e-18
0.646729,-4.042509e-18
0.646973,-4.021225e-18
0.647217,-4.035810e-18
0.647461,-4.004545e-18
0.647705,-4.016298e-18
0.647949,-3.967644e-18
0.648193,-3.913413e-18
0.648438,-3.963583e-18
0.648682,-3.936761e-18
0.648926,-3.891276e-18
0.649170,-3.906212e-18
0.649414,-3.878563e-18
0.649658,-3.875744e-18
0.649902,-3.845922e-18
0.650146,-3.775872e-18
0.650391,-3.807204e-18
0.650635,-3.806480e-18
0.650879,-3.748037e-18
0.651123,-3.751343e-18
0.651367,-3.732337e-18
0.651611,-3.716308e-18
0.651855,-3.698538e-18
0.652100,-3.624841e-18
0.652344,-3.631357e-18
0.652588,-3.648477e-18
0.652832,-3.590281e-18
0.653076,-3.576831e-18
0.653320,-3.563274e-18
0.653564,-3.539803e-18
0.653809,-3.526132e-18
0.654053,-3.455906e-18
0.654297,-3.439600e-18
0.654541,-3.464141e-18
0.654785,-3.415520e-18
0.655029,-3.386027e-18
0.655273,-3.373361e-18
0.655518,-3.346225e-18
0.655762,-3.331554e-18
0.656006,-3.269807e-18
0.656250,-3.234331e-18
0.656494,-3.255339e-18
0.656738,-3.220461e-18
0.656982,-3.180553e-18
0.657227,-3.163095e-18
0.657471,-3.134360e-18
0.657715,-3.118561e-18
0.657959,-3.064067e-18
0.658203,-3.014890e-18
0.658447,-3.029018e-18
0.658691,-3.005074e-18
0.658936,-2.960495e-18
0.659180,-2.937216e-18
0.659424,-2.903986e-18
0.659668,-2.887486e-18
0.659912,-2.841098e-18
0.660156,-2.780695e-18
0.660400,-2.785485e-18
0.660645,-2.770442e-18
0.660889,-2.724271e-18
0.661133,-2.696736e-18
0.661377,-2.658285e-18
0.661621,-2.639044e-18
0.661865,-2.601482e-18
0.662109,-2.533976e-18
0.662354,-2.528094e-18
0.662598,-2.517519e-18
0.662842,-2.471970e-18
0.663086,-2.443808e-18
0.663330,-2.398462e-18
0.663574,-2.372723e-18
0.663818,-2.347151e-18
0.664062,-2.275378e-18
0.664307,-2.256045e-18
0.664551,-2.251089e-18
0.664795,-2.204858e-18
0.665039,-2.176843e-18
0.665283,-2.129507e-18
0.665527,-2.091758e-18
0.665771,-2.076645e-18
0.666016,-2.006905e-18
0.666260,-1.971584e-18
0.666504,-1.971178e-18
0.666748,-1.924985e-18
0.666992,-1.896037e-18
0.667236,-1.852280e-18
0.667480,-1.799173e-18
0.667725,-1.789483e-18
0.667969,-1.729816e-18
0.668213,-1.676601e-18
0.668457,-1.678944e-18
0.668701,-1.635629e-18
0.668945,-1.600055e-18
0.669189,-1.566651e-18
0.669434,-1.500286e-18
0.669678,-1.485562e-18
0.669922,-1.444835e-18
0.670166,-1.375843e-18
0.670410,-1.372710e-18
0.670654,-1.339094e-18
0.670898,-1.293826e-18
0.671143,-1.269865e-18
0.671387,-1.198389e-18
0.671631,-1.168596e-18
0.671875,-1.147821e-18
0.672119,-1.072316e-18
0.672363,-1.056037e-18
0.672607,-1.035430e-18
0.672852,-9.805304e-19
0.673096,-9.609813e-19
0.673340,-8.954702e-19
0.673584,-8.448019e-19
0.673828,-8.381547e-19
0.674072,-7.683565e-19
0.674316,-7.317185e-19
0.674561,-7.224149e-19
0.674805,-6.652083e-19
0.675049,-6.411747e-19
0.675293,-5.892804e-19
0.675537,-5.194359e-19
0.675781,-5.141962e-19
0.676025,-4.628195e-19
0.676270,-4.061819e-19
0.676514,-3.996921e-19
0.676758,-3.498214e-19
0.677002,-3.143944e-19
0.677246,-2.770614e-19
0.677490,-1.976985e-19
0.677734,-1.807155e-19
0.677979,-1.518951e-19
0.678223,-8.411765e-20
0.678467,-6.977153e-20
0.678711,-3.184048e-20
0.678955,1.357947e-20
0.679199,4.110738e-20
0.679443,1.196868e-19
0.679688,1.558136e-19
0.679932,1.664348e-19
0.680176,2.325021e-19
0.680420,2.630756e-19
0.680664,2.888599e-19
0.680908,3.391106e-19
0.681152,3.659697e-19
0.681396,4.338180e-19
0.681641,4.892438e-19
0.681885,4.925266e-19
0.682129,5.449909e-19
0.682373,5.928732e-19
0.682617,6.134867e-19
0.682861,6.600635e-19
0.683105,6.918740e-19
0.683350,7.478002e-19
0.683594,8.148064e-19
0.683838,8.237243e-19
0.684082,8.569628e-19
0.684326,9.143058e-19
0.684570,9.403843e-19
0.684814,9.780946e-19
0.685059,1.014349e-18
0.685303,1.061593e-18
0.685547,1.131944e-18
0.685791,1.153053e-18
0.686035,1.169532e-18
0.686279,1.227046e-18
0.686523,1.263940e-18
0.686768,1.293795e-18
0.687012,1.330799e-18
0.687256,1.374950e-18
0.687500,1.441841e-18
0.687744,1.475141e-18
0.687988,1.484592e-18
0.688232,1.530384e-18
0.688477,1.578704e-18
0.688721,1.608967e-18
0.688965,1.638678e-18
0.689209,1.682151e-18
0.689453,1.746102e-18
0.689697,1.786283e-18
0.689941,1.796826e-18
0.690186,1.829145e-18
0.690430,1.881220e-18
0.690674,1.918806e-18
0.690918,1.940956e-18
0.691162,1.980102e-18
0.691406,2.043587e-18
0.691650,2.086401e-18
0.691895,2.100552e-18
0.692139,2.123252e-18
0.692383,2.170256e-18
0.692627,2.217736e-18
0.692871,2.238651e-18
0.693115,2.267670e-18
0.693359,2.331289e-18
0.693604,2.377146e-18
0.693848,2.393159e-18
0.694092,2.412277e-18
0.694336,2.448853e-18
0.694580,2.502398e-18
0.694824,2.528972e-18
0.695068,2.544757e-18
0.695312,2.606353e-18
0.695557,2.657519e-18
0.695801,2.671425e-18
0.696045,2.691496e-18
0.696289,2.718456e-18
0.696533,2.769201e-18
0.696777,2.809090e-18
0.697021,2.813924e-18
0.697266,2.865631e-18
0.697510,2.926499e-18
0.697754,2.936839e-18
0.697998,2.955819e-18
0.698242,2.979724e-18
0.698486,3.019262e-18
0.698730,3.071678e-18
0.698975,3.075955e-18
0.699219,3.108764e-18
0.699463,3.179186e-18
0.699707,3.191932e-18
0.699951,3.203235e-18
0.700195,3.230554e-18
0.700439,3.256477e-18
0.700684,3.313111e-18
0.700928,3.328304e-18
0.701172,3.338411e-18
0.701416,3.410441e-18
0.701660,3.434274e-18
0.701904,3.433183e-18
0.702148,3.464186e-18
0.702393,3.483161e-18
0.702637,3.532241e-18
0.702881,3.564455e-18
0.703125,3.559873e-18
0.703369,3.620786e-18
0.703613,3.661137e-18
0.703857,3.649103e-18
0.704102,3.677688e-18
0.704346,3.698000e-18
0.704590,3.731223e-18
0.704834,3.779051e-18
0.705078,3.771058e-18
0.705322,3.809217e-18
0.705566,3.866844e-18
0.705811,3.852263e-18
0.706055,3.869070e-18
0.706299,3.897409e-18
0.706543,3.914643e-18
0.706787,3.967556e-18
0.707031,3.970333e-18
0.707275,3.982174e-18
0.707520,4.046743e-18
0.707764,4.042219e-18
0.708008,4.040275e-18
0.708252,4.075829e-18
0.708496,4.085790e-18
0.708740,4.129031e-18
0.708984,4.150554e-18
0.709229,4.143778e-18
0.709473,4.198604e-18
0.709717,4.213434e-18
0.709961,4.195691e-18
0.710205,4.229299e-18
0.710449,4.241712e-18
0.710693,4.268944e-18
0.710938,4.306225e-18
0.711182,4.292460e-18
0.711426,4.327318e-18
0.711670,4.360818e-18
0.711914,4.335503e-18
0.712158,4.358315e-18
0.712402,4.379463e-18
0.712646,4.390147e-18
0.712891,4.432206e-18
0.713135,4.427152e-18
0.713379,4.436899e-18
0.713623,4.478569e-18
0.713867,4.460923e-18
0.714111,4.464220e-18
0.714355,4.492877e-18
0.714600,4.495837e-18
0.714844,4.530298e-18
0.715088,4.541295e-18
0.715332,4.531151e-18
0.715576,4.566923e-18
0.715820,4.565363e-18
0.716064,4.551338e-18
0.716309,4.579764e-18
0.716553,4.584313e-18
0.716797,4.603421e-18
0.717041,4.628507e-18
0.717285,4.612354e-18
0.717529,4.629522e-18
0.717773,4.643439e-18
0.718018,4.623289e-18
0.718262,4.640713e-18
0.718506,4.651194e-18
0.718750,4.657218e-18
0.718994,4.686153e-18
0.719238,4.675744e-18
0.719482,4.671946e-18
0.719727,4.691447e-18
0.719971,4.677060e-18
0.720215,4.678168e-18
0.720459,4.693219e-18
0.720703,4.693462e-18
0.720947,4.715511e-18
0.721191,4.717054e-18
0.721436,4.698209e-18
0.721680,4.709831e-18
0.721924,4.707604e-18
0.722168,4.697304e-18
0.722412,4.708251e-18
0.722656,4.709275e-18
0.722900,4.720976e-18
0.723145,4.730701e-18
0.723389,4.707398e-18
0.723633,4.703519e-18
0.723877,4.710987e-18
0.724121,4.698381e-18
0.724365,4.698708e-18
0.724609,4.701458e-18
0.724854,4.705053e-18
0.725098,4.716781e-18
0.725342,4.697762e-18
0.725586,4.676510e-18
0.725830,4.684214e-18
0.726074,4.679474e-18
0.726318,4.666723e-18
0.726562,4.667767e-18
0.726807,4.670123e-18
0.727051,4.675702e-18
0.727295,4.664597e-18
0.727539,4.632938e-18
0.727783,4.629262e-18
0.728027,4.635640e-18
0.728271,4.616904e-18
0.728516,4.608316e-18
0.728760,4.611986e-18
0.729004,4.611977e-18
0.729248,4.604328e-18
0.729492,4.571137e-18
0.729736,4.551527e-18
0.729980,4.564000e-18
0.730225,4.549806e-18
0.730469,4.525845e-18
0.730713,4.529555e-18
0.730957,4.528837e-18
0.731201,4.517630e-18
0.731445,4.489183e-18
0.731689,4.454922e-18
0.731934,4.462480e-18
0.732178,4.461392e-18
0.732422,4.425252e-18
0.732666,4.420734e-18
0.732910,4.424858e-18
0.733154,4.407944e-18
0.733398,4.383192e-18
0.733643,4.342473e-18
0.733887,4.335680e-18
0.734131,4.347762e-18
0.734375,4.309452e-18
0.734619,4.287302e-18
0.734863,4.296942e-18
0.735107,4.279221e-18
0.735352,4.251566e-18
0.735596,4.211372e-18
0.735840,4.188345e-18
0.736084,4.205935e-18
0.736328,4.176763e-18
0.736572,4.134248e-18
0.736816,4.144457e-18
0.737061,4.132148e-18
0.737305,4.096924e-18
0.737549,4.061134e-18
0.737793,4.024056e-18
0.738037,4.035879e-18
0.738281,4.024489e-18
0.738525,3.966965e-18
0.738770,3.965856e-18
0.739014,3.964632e-18
0.739258,3.923070e-18
0.739502,3.887705e-18
0.739746,3.845764e-18
0.739990,3.843002e-18
0.740234,3.848516e-18
0.740479,3.787182e-18
0.740723,3.764117e-18
0.740967,3.775724e-18
0.741211,3.732996e-18
0.741455,3.690259e-18
0.741699,3.651808e-18
0.741943,3.632072e-18
0.742188,3.645049e-18
0.742432,3.594349e-18
0.742676,3.546890e-18
0.742920,3.561663e-18
0.743164,3.528718e-18
0.743408,3.474366e-18
0.743652,3.438736e-18
0.743896,3.408753e-18
0.744141,3.417187e-18
0.744385,3.385032e-18
0.744629,3.318064e-18
0.744873,3.322295e-18
0.745117,3.307015e-18
0.745361,3.243490e-18
0.745605,3.205570e-18
0.745850,3.171426e-18
0.746094,3.169220e-18
0.746338,3.155270e-18
0.746582,3.080875e-18
0.746826,3.065373e-18
0.747070,3.065488e-18
0.747314,3.001085e-18
0.747559,2.952996e-18
0.747803,2.920958e-18
0.748047,2.906457e-18
0.748291,2.902011e-18
0.748535,2.834304e-18
0.748779,2.792966e-18
0.749023,2.802092e-18
0.749268,2.746913e-18
0.749512,2.685730e-18
0.749756,2.656677e-18
0.750000,2.631928e-18
0.750244,2.628720e-18
0.750488,2.575921e-18
0.750732,2.513533e-18
0.750977,2.518049e-18
0.751221,2.479517e-18
0.751465,2.407942e-18
0.751709,2.375168e-18
0.751953,2.348672e-18
0.752197,2.339258e-18
0.752441,2.301820e-18
0.752686,2.228424e-18
0.752930,2.217613e-18
0.753174,2.197775e-18
0.753418,2.121405e-18
0.753662,2.079728e-18
0.753906,2.055521e-18
0.754150,2.037261e-18
0.754395,2.011679e-18
0.754639,1.938330e-18
0.754883,1.906581e-18
0.755127,1.898560e-18
0.755371,1.828429e-18
0.755615,1.774276e-18
0.755859,1.751105e-18
0.756104,1.727675e-18
0.756348,1.705962e-18
0.756592,1.640864e-18
0.756836,1.590566e-18
0.757080,1.584033e-18
0.757324,1.527806e-18
0.757568,1.462362e-18
0.757812,1.435849e-18
0.758057,1.411307e-18
0.758301,1.389177e-18
0.758545,1.334957e-18
0.758789,1.272309e-18
0.759033,1.257914e-18
0.759277,1.216454e-18
0.759521,1.146460e-18
0.759766,1.113262e-18
0.760010,1.089387e-18
0.760254,1.064623e-18
0.760498,1.019140e-18
0.760742,9.519358e-19
0.760986,9.254644e-19
0.761230,8.950821e-19
0.761475,8.271654e-19
0.761719,7.848533e-19
0.761963,7.607819e-19
0.762207,7.347152e-19
0.762451,6.957453e-19
0.762695,6.294781e-19
0.762939,5.897779e-19
0.763184,5.648073e-19
0.763428,5.044780e-19
0.763672,4.544288e-19
0.763916,4.282871e-19
0.764160,4.018916e-19
0.764404,3.664399e-19
0.764648,3.047544e-19
0.764893,2.549514e-19
0.765137,2.285525e-19
0.765381,1.775360e-19
0.765625,1.244693e-19
0.765869,9.281508e-20
0.766113,6.610862e-20
0.766357,3.421052e-20
0.766602,-2.278768e-20
0.766846,-7.827647e-20
0.767090,-1.087169e-19
0.767334,-1.537581e-19
0.767578,-2.046568e-19
0.767822,-2.401992e-19
0.768066,-2.710765e-19
0.768311,-2.997298e-19
0.768555,-3.500772e-19
0.768799,-4.094996e-19
0.769043,-4.452421e-19
0.769287,-4.857029e-19
0.769531,-5.332642e-19
0.769775,-5.708060e-19
0.770020,-6.054639e-19
0.770264,-6.328633e-19
0.770508,-6.763083e-19
0.770752,-7.368799e-19
0.770996,-7.787127e-19
0.771240,-8.172169e-19
0.771484,-8.610034e-19
0.771729,-8.972620e-19
0.771973,-9.356873e-19
0.772217,-9.651683e-19
0.772461,-1.000714e-18
0.772705,-1.059758e-18
0.772949,-1.106699e-18
0.773193,-1.144347e-18
0.773438,-1.185513e-18
0.773682,-1.217907e-18
0.773926,-1.258033e-18
0.774170,-1.293325e-18
0.774414,-1.321952e-18
0.774658,-1.375734e-18
0.774902,-1.427961e-18
0.775146,-1.466324e-18
0.775391,-1.505959e-18
0.775635,-1.534596e-18
0.775879,-1.571919e-18
0.776123,-1.614067e-18
0.776367,-1.638314e-18
0.776611,-1.684062e-18
0.776855,-1.740622e-18
0.777100,-1.779588e-18
0.777344,-1.818480e-18
0.777588,-1.845108e-18
0.777832,-1.876540e-18
0.778076,-1.923894e-18
0.778320,-1.950617e-18
0.778564,-1.985809e-18
0.778809,-2.042135e-18
0.779053,-2.085091e-18
0.779297,-2.122502e-18
0.779541,-2.146964e-18
0.779785,-2.171736e-18
0.780029,-2.221292e-18
0.780273,-2.252958e-18
0.780518,-2.279219e-18
0.780762,-2.331996e-18
0.781006,-2.378437e-18
0.781250,-2.415460e-18
0.781494,-2.439751e-18
0.781738,-2.458175e-18
0.781982,-2.504255e-18
0.782227,-2.544021e-18
0.782471,-2.564258e-18
0.782715,-2.608181e-18
0.782959,-2.659088e-18
0.783203,-2.696439e-18
0.783447,-2.719940e-18
0.783691,-2.732749e-18
0.783936,-2.773130e-18
0.784180,-2.819605e-18
0.784424,-2.838825e-18
0.784668,-2.873368e-18
0.784912,-2.924346e-18
0.785156,-2.964326e-18
0.785400,-2.987243e-18
0.785645,-2.995011e-18
0.785889,-3.028366e-18
0.786133,-3.078462e-18
0.786377,-3.100946e-18
0.786621,-3.125344e-18
0.786865,-3.171090e-18
0.787109,-3.215124e-18
0.787354,-3.240092e-18
0.787598,-3.243268e-18
0.787842,-3.268239e-18
0.788086,-3.319926e-18
0.788330,-3.346994e-18
0.788574,-3.364732e-18
0.788818,-3.402636e-18
0.789062,-3.448002e-18
0.789307,-3.477107e-18
0.789551,-3.476413e-18
0.789795,-3.491882e-18
0.790039,-3.542488e-18
0.790283,-3.574034e-18
0.790527,-3.588393e-18
0.790771,-3.618453e-18
0.791016,-3.661342e-18
0.791260,-3.695657e-18
0.791504,-3.694662e-18
0.791748,-3.698604e-18
0.791992,-3.746348e-18
0.792236,-3.782483e-18
0.792480,-3.795053e-18
0.792725,-3.818218e-18
0.792969,-3.854135e-18
0.793213,-3.893334e-18
0.793457,-3.895927e-18
0.793701,-3.887535e-18
0.793945,-3.929984e-18
0.794189,-3.971068e-18
0.794434,-3.982292e-18
0.794678,-4.000690e-18
0.794922,-4.028822e-18
0.795166,-4.068388e-18
0.795410,-4.078467e-18
0.795654,-4.059715e-18
0.795898,-4.092396e-18
0.796143,-4.138733e-18
0.796387,-4.149300e-18
0.796631,-4.163764e-18
0.796875,-4.184755e-18
0.797119,-4.219752e-18
0.797363,-4.240177e-18
0.797607,-4.215421e-18
0.797852,-4.232603e-18
0.798096,-4.283857e-18
0.798340,-4.296377e-18
0.798584,-4.306963e-18
0.798828,-4.322537e-18
0.799072,-4.347556e-18
0.799316,-4.376942e-18
0.799561,-4.353748e-18
0.799805,-4.352185e-18
0.800049,-4.405814e-18
0.800293,-4.422210e-18
0.800537,-4.426748e-18
0.800781,-4.441440e-18
0.801025,-4.455216e-18
0.801270,-4.487481e-18
0.801514,-4.473208e-18
0.801758,-4.453269e-18
0.802002,-4.502682e-18
0.802246,-4.526023e-18
0.802490,-4.523903e-18
0.802734,-4.538362e-18
0.802979,-4.543049e-18
0.803223,-4.571130e-18
0.803467,-4.570222e-18
0.803711,-4.536159e-18
0.803955,-4.573766e-18
0.804199,-4.607120e-18
0.804443,-4.599476e-18
0.804688,-4.612255e-18
0.804932,-4.611574e-18
0.805176,-4.629518e-18
0.805420,-4.641906e-18
0.805664,-4.600919e-18
0.805908,-4.621154e-18
0.806152,-4.663756e-18
0.806396,-4.653154e-18
0.806641,-4.661649e-18
0.806885,-4.660961e-18
0.807129,-4.664036e-18
0.807373,-4.685649e-18
0.807617,-4.648340e-18
0.807861,-4.646035e-18
0.808105,-4.693623e-18
0.808350,-4.685949e-18
0.808594,-4.685970e-18
0.808838,-4.688702e-18
0.809082,-4.677686e-18
0.809326,-4.700752e-18
0.809570,-4.675401e-18
0.809814,-4.651056e-18
0.810059,-4.697215e-18
0.810303,-4.697857e-18
0.810547,-4.686331e-18
0.810791,-4.693130e-18
0.811035,-4.672350e-18
0.811279,-4.688435e-18
0.811523,-4.678523e-18
0.811768,-4.638138e-18
0.812012,-4.674421e-18
0.812256,-4.684943e-18
0.812500,-4.664789e-18
0.812744,-4.673992e-18
0.812988,-4.647623e-18
0.813232,-4.650481e-18
0.813477,-4.655780e-18
0.813721,-4.607842e-18
0.813965,-4.627450e-18
0.814209,-4.648156e-18
0.814453,-4.622147e-18
0.814697,-4.629567e-18
0.814941,-4.604924e-18
0.815186,-4.589455e-18
0.815430,-4.605049e-18
0.815674,-4.560216e-18
0.815918,-4.558245e-18
0.816162,-4.587218e-18
0.816406,-4.558321e-18
0.816650,-4.559583e-18
0.816895,-4.542593e-18
0.817139,-4.507336e-18
0.817383,-4.527047e-18
0.817627,-4.493218e-18
0.817871,-4.468779e-18
0.818115,-4.501994e-18
0.818359,-4.474472e-18
0.818604,-4.465449e-18
0.818848,-4.458964e-18
0.819092,-4.408454e-18
0.819336,-4.421440e-18
0.819580,-4.404566e-18
0.819824,-4.361881e-18
0.820068,-4.390409e-18
0.820312,-4.370898e-18
0.820557,-4.348815e-18
0.820801,-4.352250e-18
0.821045,-4.294622e-18
0.821289,-4.290896e-18
0.821533,-4.293681e-18
0.821777,-4.239512e-18
0.822021,-4.255687e-18
0.822266,-4.248653e-18
0.822510,-4.211557e-18
0.822754,-4.221718e-18
0.822998,-4.166051e-18
0.823242,-4.137196e-18
0.823486,-4.156900e-18
0.823730,-4.102865e-18
0.823975,-4.099020e-18
0.824219,-4.104947e-18
0.824463,-4.056682e-18
0.824707,-4.065456e-18
0.824951,-4.023382e-18
0.825195,-3.967777e-18
0.825439,-3.993122e-18
0.825684,-3.951407e-18
0.825928,-3.923815e-18
0.826172,-3.939154e-18
0.826416,-3.887161e-18
0.826660,-3.885092e-18
0.826904,-3.862298e-18
0.827148,-3.784668e-18
0.827393,-3.803529e-18
0.827637,-3.783739e-18
0.827881,-3.734521e-18
0.828125,-3.750864e-18
0.828369,-3.704559e-18
0.828613,-3.684395e-18
0.828857,-3.681528e-18
0.829102,-3.593146e-18
0.829346,-3.590244e-18
0.829590,-3.596163e-18
0.829834,-3.533214e-18
0.830078,-3.540153e-18
0.830322,-3.508290e-18
0.830566,-3.465639e-18
0.830811,-3.476804e-18
0.831055,-3.394183e-18
0.831299,-3.358663e-18
0.831543,-3.386491e-18
0.831787,-3.324229e-18
0.832031,-3.310392e-18
0.832275,-3.295810e-18
0.832520,-3.236685e-18
0.832764,-3.248695e-18
0.833008,-3.184650e-18
0.833252,-3.115957e-18
0.833496,-3.151798e-18
0.833740,-3.105667e-18
0.833984,-3.066443e-18
0.834229,-3.064602e-18
0.834473,-2.999955e-18
0.834717,-2.999412e-18
0.834961,-2.962190e-18
0.835205,-2.868268e-18
0.835449,-2.893501e-18
0.835693,-2.875079e-18
0.835938,-2.813816e-18
0.836182,-2.813597e-18
0.836426,-2.755466e-18
0.836670,-2.733985e-18
0.836914,-2.721200e-18
0.837158,-2.618475e-18
0.837402,-2.617454e-18
0.837646,-2.628163e-18
0.837891,-2.557290e-18
0.838135,-2.545865e-18
0.838379,-2.501516e-18
0.838623,-2.459030e-18
0.838867,-2.461036e-18
0.839111,-2.365632e-18
0.839355,-2.330244e-18
0.839600,-2.361487e-18
0.839844,-2.296402e-18
0.840088,-2.264281e-18
0.840332,-2.235051e-18
0.840576,-2.179296e-18
0.840820,-2.181641e-18
0.841064,-2.106869e-18
0.841309,-2.040022e-18
0.841553,-2.075056e-18
0.841797,-2.030445e-18
0.842041,-1.976893e-18
0.842285,-1.955269e-18
0.842529,-1.895692e-18
0.842773,-1.888407e-18
0.843018,-1.837854e-18
0.843262,-1.749764e-18
0.843506,-1.773340e-18
0.843750,-1.755225e-18
0.843994,-1.686722e-18
0.844238,-1.662633e-18
0.844482,-1.608741e-18
0.844727,-1.587859e-18
0.844971,-1.556303e-18
0.845215,-1.461903e-18
0.845459,-1.462006e-18
0.845703,-1.466958e-18
0.845947,-1.397740e-18
0.846191,-1.361580e-18
0.846436,-1.314767e-18
0.846680,-1.283435e-18
0.846924,-1.262981e-18
0.847168,-1.173758e-18
0.847412,-1.148549e-18
0.847656,-1.166448e-18
0.847900,-1.107163e-18
0.848145,-1.057491e-18
0.848389,-1.015282e-18
0.848633,-9.770319e-19
0.848877,-9.603330e-19
0.849121,-8.831875e-19
0.849365,-8.368799e-19
0.849609,-8.556245e-19
0.849854,-8.127223e-19
0.850098,-7.541406e-19
0.850342,-7.097666e-19
0.850586,-6.693706e-19
0.850830,-6.534311e-19
0.851074,-5.878392e-19
0.851318,-5.285930e-19
0.851562,-5.395291e-19
0.851807,-5.129448e-19
0.852051,-4.528491e-19
0.852295,-4.017327e-19
0.852539,-3.597424e-19
0.852783,-3.450128e-19
0.853027,-2.896682e-19
0.853271,-2.231275e-19
0.853516,-2.240613e-19
0.853760,-2.079037e-19
0.854004,-1.528201e-19
0.854248,-9.696171e-20
0.854492,-4.910228e-20
0.854736,-3.607073e-20
0.854980,9.576615e-21
0.855225,8.066293e-20
0.855469,8.873657e-20
0.855713,1.003221e-19
0.855957,1.476130e-19
0.856201,2.028946e-19
0.856445,2.602222e-19
0.856689,2.733548e-19
0.856934,3.069640e-19
0.857178,3.813212e-19
0.857422,3.966654e-19
0.857666,4.066778e-19
0.857910,4.490529e-19
0.858154,4.975973e-19
0.858398,5.640036e-19
0.858643,5.827799e-19
0.858887,6.018666e-19
0.859131,6.776085e-19
0.859375,7.009506e-19
0.859619,7.079471e-19
0.859863,7.492523e-19
0.860107,7.889142e-19
0.860352,8.585844e-19
0.860596,8.903677e-19
0.860840,8.943765e-19
0.861084,9.666476e-19
0.861328,1.000988e-18
0.861572,1.001489e-18
0.861816,1.045577e-18
0.862061,1.078604e-18
0.862305,1.141652e-18
0.862549,1.192017e-18
0.862793,1.185405e-18
0.863037,1.246233e-18
0.863281,1.294909e-18
0.863525,1.288896e-18
0.863770,1.333742e-18
0.864014,1.366571e-18
0.864258,1.415046e-18
0.864502,1.482543e-18
0.864746,1.474996e-18
0.864990,1.516094e-18
0.865234,1.579783e-18
0.865479,1.571273e-18
0.865723,1.610316e-18
0.865967,1.649438e-18
0.866211,1.680612e-18
0.866455,1.759194e-18
0.866699,1.761531e-18
0.866943,1.778304e-18
0.867188,1.851975e-18
0.867432,1.846948e-18
0.867676,1.874229e-18
0.867920,1.925477e-18
0.868164,1.940682e-18
0.868408,2.017025e-18
0.868652,2.040902e-18
0.868896,2.035144e-18
0.869141,2.108058e-18
0.869385,2.115764e-18
0.869629,2.126770e-18
0.869873,2.188613e-18
0.870117,2.197258e-18
0.870361,2.259057e-18
0.870605,2.306875e-18
0.870850,2.287729e-18
0.871094,2.348588e-18
0.871338,2.373994e-18
0.871582,2.369072e-18
0.871826,2.435218e-18
0.872070,2.447997e-18
0.872314,2.487680e-18
0.872559,2.555443e-18
0.872803,2.534903e-18
0.873047,2.574619e-18
0.873291,2.617654e-18
0.873535,2.603019e-18
0.873779,2.664709e-18
0.874023,2.689396e-18
0.874268,2.705585e-18
0.874512,2.782952e-18
0.874756,2.773379e-18
0.875000,2.788887e-18
0.875244,2.843341e-18
0.875488,2.826471e-18
0.875732,2.876712e-18
0.875977,2.918058e-18
0.876221,2.914356e-18
0.876465,2.989588e-18
0.876709,2.999751e-18
0.876953,2.992330e-18
0.877197,3.050292e-18
0.877441,3.038963e-18
0.877686,3.071523e-18
0.877930,3.129335e-18
0.878174,3.114664e-18
0.878418,3.175616e-18
0.878662,3.209465e-18
0.878906,3.185844e-18
0.879150,3.237740e-18
0.879395,3.238236e-18
0.879639,3.250911e-18
0.879883,3.322056e-18
0.880127,3.306325e-18
0.880371,3.343277e-18
0.880615,3.399171e-18
0.880859,3.368708e-18
0.881104,3.406424e-18
0.881348,3.420821e-18
0.881592,3.415962e-18
0.881836,3.491818e-18
0.882080,3.485949e-18
0.882324,3.495628e-18
0.882568,3.564726e-18
0.882812,3.540216e-18
0.883057,3.557993e-18
0.883301,3.584634e-18
0.883545,3.567010e-18
0.883789,3.639350e-18
0.884033,3.651346e-18
0.884277,3.634401e-18
0.884521,3.707005e-18
0.884766,3.696100e-18
0.885010,3.692025e-18
0.885254,3.729979e-18
0.885498,3.704966e-18
0.885742,3.764132e-18
0.885986,3.799867e-18
0.886230,3.760538e-18
0.886475,3.825166e-18
0.886719,3.836568e-18
0.886963,3.810506e-18
0.887207,3.852752e-18
0.887451,3.829021e-18
0.887695,3.866353e-18
0.887939,3.927046e-18
0.888184,3.877066e-18
0.888428,3.919110e-18
0.888672,3.956094e-18
0.888916,3.916352e-18
0.889160,3.952618e-18
0.889404,3.939068e-18
0.889648,3.950200e-18
0.889893,4.028583e-18
0.890137,3.983294e-18
0.890381,3.993513e-18
0.890625,4.051458e-18
0.890869,4.007608e-18
0.891113,4.030124e-18
0.891357,4.032691e-18
0.891602,4.017347e-18
0.891846,4.103422e-18
0.892090,4.077177e-18
0.892334,4.050804e-18
0.892578,4.121248e-18
0.892822,4.086068e-18
0.893066,4.085594e-18
0.893311,4.106416e-18
0.893555,4.072071e-18
0.893799,4.149169e-18
0.894043,4.153986e-18
0.894287,4.094942e-18
0.894531,4.162736e-18
0.894775,4.149057e-18
0.895020,4.122202e-18
0.895264,4.156521e-18
0.895508,4.115665e-18
0.895752,4.169596e-18
0.895996,4.208805e-18
0.896240,4.130562e-18
0.896484,4.177019e-18
0.896729,4.192165e-18
0.896973,4.144225e-18
0.897217,4.180508e-18
0.897461,4.146912e-18
0.897705,4.168351e-18
0.897949,4.236523e-18
0.898193,4.157320e-18
0.898438,4.168718e-18
0.898682,4.212406e-18
0.898926,4.153359e-18
0.899170,4.178538e-18
0.899414,4.163415e-18
0.899658,4.151088e-18
0.899902,4.232773e-18
0.900146,4.173092e-18
0.900391,4.142731e-18
0.900635,4.203601e-18
0.900879,4.150999e-18
0.901123,4.153159e-18
0.901367,4.160285e-18
0.901611,4.123302e-18
0.901855,4.199660e-18
0.902100,4.173400e-18
0.902344,4.105781e-18
0.902588,4.166847e-18
0.902832,4.133709e-18
0.903076,4.108403e-18
0.903320,4.133070e-18
0.903564,4.085380e-18
0.903809,4.140027e-18
0.904053,4.150537e-18
0.904297,4.060610e-18
0.904541,4.103559e-18
0.904785,4.097860e-18
0.905029,4.050156e-18
0.905273,4.079696e-18
0.905518,4.036681e-18
0.905762,4.060240e-18
0.906006,4.101274e-18
0.906250,4.007820e-18
0.906494,4.018031e-18
0.906738,4.039534e-18
0.906982,3.979812e-18
0.907227,4.002147e-18
0.907471,3.975074e-18
0.907715,3.965484e-18
0.907959,4.023531e-18
0.908203,3.945430e-18
0.908447,3.916919e-18
0.908691,3.955142e-18
0.908936,3.898306e-18
0.909180,3.903268e-18
0.909424,3.893861e-18
0.909668,3.859781e-18
0.909912,3.918322e-18
0.910156,3.866890e-18
0.910400,3.805565e-18
0.910645,3.846536e-18
0.910889,3.802143e-18
0.911133,3.786340e-18
0.911377,3.793343e-18
0.911621,3.745713e-18
0.911865,3.789042e-18
0.912109,3.769055e-18
0.912354,3.685865e-18
0.912598,3.714557e-18
0.912842,3.689906e-18
0.913086,3.655283e-18
0.913330,3.670517e-18
0.913574,3.622404e-18
0.913818,3.641319e-18
0.914062,3.648317e-18
0.914307,3.559047e-18
0.914551,3.564397e-18
0.914795,3.558276e-18
0.915039,3.512475e-18
0.915283,3.527884e-18
0.915527,3.486498e-18
0.915771,3.480010e-18
0.916016,3.504067e-18
0.916260,3.421772e-18
0.916504,3.400827e-18
0.916748,3.407134e-18
0.916992,3.358990e-18
0.917236,3.367358e-18
0.917480,3.337101e-18
0.917725,3.308836e-18
0.917969,3.337826e-18
0.918213,3.272073e-18
0.918457,3.227642e-18
0.918701,3.237005e-18
0.918945,3.191553e-18
0.919189,3.191240e-18
0.919434,3.173347e-18
0.919678,3.128821e-18
0.919922,3.152983e-18
0.920166,3.107158e-18
0.920410,3.046196e-18
0.920654,3.051044e-18
0.920898,3.011491e-18
0.921143,3.001770e-18
0.921387,2.994405e-18
0.921631,2.940036e-18
0.921875,2.952244e-18
0.922119,2.925955e-18
0.922363,2.856204e-18
0.922607,2.851965e-18
0.922852,2.818689e-18
0.923096,2.799656e-18
0.923340,2.801410e-18
0.923584,2.744564e-18
0.923828,2.739668e-18
0.924072,2.728348e-18
0.924316,2.657967e-18
0.924561,2.642497e-18
0.924805,2.613292e-18
0.925049,2.586275e-18
0.925293,2.595020e-18
0.925537,2.540288e-18
0.925781,2.517892e-18
0.926025,2.517181e-18
0.926270,2.449864e-18
0.926514,2.424238e-18
0.926758,2.398175e-18
0.927002,2.362975e-18
0.927246,2.376587e-18
0.927490,2.328668e-18
0.927734,2.288385e-18
0.927979,2.292274e-18
0.928223,2.232229e-18
0.928467,2.197873e-18
0.928711,2.174921e-18
0.928955,2.130689e-18
0.929199,2.145585e-18
0.929443,2.110070e-18
0.929688,2.053329e-18
0.929932,2.057196e-18
0.930176,2.006432e-18
0.930420,1.963455e-18
0.930664,1.944085e-18
0.930908,1.892042e-18
0.931152,1.903218e-18
0.931396,1.883943e-18
0.931641,1.813913e-18
0.931885,1.811517e-18
0.932129,1.772581e-18
0.932373,1.722690e-18
0.932617,1.707642e-18
0.932861,1.649200e-18
0.933105,1.650591e-18
0.933350,1.651162e-18
0.933594,1.572484e-18
0.933838,1.558682e-18
0.934082,1.532296e-18
0.934326,1.475024e-18
0.934570,1.463988e-18
0.934814,1.404764e-18
0.935059,1.389903e-18
0.935303,1.409369e-18
0.935547,1.330834e-18
0.935791,1.299846e-18
0.936035,1.285830e-18
0.936279,1.223665e-18
0.936523,1.213802e-18
0.936768,1.161006e-18
0.937012,1.124233e-18
0.937256,1.158176e-18
0.937500,1.089744e-18
0.937744,1.036465e-18
0.937988,1.034081e-18
0.938232,9.703923e-19
0.938477,9.565342e-19
0.938721,9.178026e-19
0.938965,8.581693e-19
0.939209,8.972094e-19
0.939453,8.497358e-19
0.939697,7.736441e-19
0.939941,7.762602e-19
0.940186,7.177646e-19
0.940430,6.934065e-19
0.940674,6.730017e-19
0.940918,5.965214e-19
0.941162,6.274034e-19
0.941406,6.093535e-19
0.941650,5.144179e-19
0.941895,5.131911e-19
0.942139,4.677843e-19
0.942383,4.272997e-19
0.942627,4.255228e-19
0.942871,3.422773e-19
0.943115,3.507343e-19
0.943359,3.652818e-19
0.943604,2.612042e-19
0.943848,2.449419e-19
0.944092,2.189506e-19
0.944336,1.619127e-19
0.944580,1.721719e-19
0.944824,9.661376e-20
0.945068,7.347441e-20
0.945312,1.152206e-19
0.945557,1.766018e-20
0.945801,-2.403505e-20
0.946045,-2.961626e-20
0.946289,-9.743133e-20
0.946533,-8.740301e-20
0.946777,-1.415815e-19
0.947021,-1.978444e-19
0.947266,-1.434664e-19
0.947510,-2.177529e-19
0.947754,-2.897631e-19
0.947998,-2.805042e-19
0.948242,-3.475169e-19
0.948486,-3.501042e-19
0.948730,-3.759730e-19
0.948975,-4.581603e-19
0.949219,-4.086964e-19
0.949463,-4.477687e-19
0.949707,-5.471063e-19
0.949951,-5.341697e-19
0.950195,-5.896702e-19
0.950439,-6.128656e-19
0.950684,-6.101771e-19
0.950928,-7.039022e-19
0.951172,-6.770716e-19
0.951416,-6.763317e-19
0.951660,-7.913912e-19
0.951904,-7.895464e-19
0.952148,-8.230364e-19
0.952393,-8.691503e-19
0.952637,-8.474593e-19
0.952881,-9.348580e-19
0.953125,-9.430141e-19
0.953369,-9.077888e-19
0.953613,-1.020512e-18
0.953857,-1.043627e-18
0.954102,-1.051541e-18
0.954346,-1.113924e-18
0.954590,-1.088439e-18
0.954834,-1.152023e-18
0.955078,-1.197971e-18
0.955322,-1.144371e-18
0.955566,-1.235889e-18
0.955811,-1.291073e-18
0.956055,-1.278008e-18
0.956299,-1.345540e-18
0.956543,-1.330194e-18
0.956787,-1.361089e-18
0.957031,-1.436719e-18
0.957275,-1.383629e-18
0.957520,-1.441127e-18
0.957764,-1.525141e-18
0.958008,-1.503557e-18
0.958252,-1.562353e-18
0.958496,-1.566528e-18
0.958740,-1.567078e-18
0.958984,-1.657175e-18
0.959229,-1.621836e-18
0.959473,-1.640580e-18
0.959717,-1.743164e-18
0.959961,-1.726712e-18
0.960205,-1.766038e-18
0.960449,-1.794527e-18
0.960693,-1.771104e-18
0.960938,-1.857206e-18
0.961182,-1.854058e-18
0.961426,-1.837722e-18
0.961670,-1.943837e-18
0.961914,-1.945951e-18
0.962158,-1.959546e-18
0.962402,-2.008577e-18
0.962646,-1.975393e-18
0.962891,-2.040929e-18
0.963135,-2.072709e-18
0.963379,-2.035103e-18
0.963623,-2.126462e-18
0.963867,-2.153595e-18
0.964111,-2.146993e-18
0.964355,-2.204891e-18
0.964600,-2.175382e-18
0.964844,-2.213907e-18
0.965088,-2.273312e-18
0.965332,-2.229945e-18
0.965576,-2.297246e-18
0.965820,-2.348870e-18
0.966064,-2.327605e-18
0.966309,-2.384300e-18
0.966553,-2.370102e-18
0.966797,-2.376757e-18
0.967041,-2.452714e-18
0.967285,-2.420102e-18
0.967529,-2.455934e-18
0.967773,-2.526176e-18
0.968018,-2.502006e-18
0.968262,-2.547404e-18
0.968506,-2.553351e-18
0.968750,-2.534402e-18
0.968994,-2.612292e-18
0.969238,-2.600901e-18
0.969482,-2.608152e-18
0.969727,-2.686221e-18
0.969971,-2.667184e-18
0.970215,-2.695740e-18
0.970459,-2.721981e-18
0.970703,-2.686028e-18
0.970947,-2.752659e-18
0.971191,-2.767475e-18
0.971436,-2.752596e-18
0.971680,-2.828887e-18
0.971924,-2.822229e-18
0.972168,-2.830307e-18
0.972412,-2.873317e-18
0.972656,-2.832099e-18
0.972900,-2.876666e-18
0.973145,-2.917095e-18
0.973389,-2.889713e-18
0.973633,-2.954682e-18
0.973877,-2.964372e-18
0.974121,-2.953126e-18
0.974365,-3.006548e-18
0.974609,-2.970787e-18
0.974854,-2.986393e-18
0.975098,-3.046797e-18
0.975342,-3.019224e-18
0.975586,-3.064603e-18
0.975830,-3.091319e-18
0.976074,-3.065186e-18
0.976318,-3.118708e-18
0.976562,-3.098988e-18
0.976807,-3.085753e-18
0.977051,-3.155157e-18
0.977295,-3.137776e-18
0.977539,-3.160754e-18
0.977783,-3.202361e-18
0.978027,-3.167130e-18
0.978271,-3.211358e-18
0.978516,-3.214228e-18
0.978760,-3.176123e-18
0.979004,-3.241421e-18
0.979248,-3.243565e-18
0.979492,-3.244943e-18
0.979736,-3.294503e-18
0.979980,-3.259206e-18
0.980225,-3.285257e-18
0.980469,-3.312228e-18
0.980713,-3.259830e-18
0.980957,-3.308308e-18
0.981201,-3.333578e-18
0.981445,-3.318394e-18
0.981689,-3.367361e-18
0.981934,-3.340115e-18
0.982178,-3.343467e-18
0.982422,-3.389454e-18
0.982666,-3.336035e-18
0.982910,-3.358033e-18
0.983154,-3.404078e-18
0.983398,-3.382133e-18
0.983643,-3.421724e-18
0.983887,-3.408875e-18
0.984131,-3.387672e-18
0.984375,-3.443725e-18
0.984619,-3.403701e-18
0.984863,-3.393391e-18
0.985107,-3.452666e-18
0.985352,-3.434790e-18
0.985596,-3.458065e-18
0.985840,-3.461291e-18
0.986084,-3.422226e-18
0.986328,-3.475257e-18
0.986572,-3.458301e-18
0.986816,-3.420490e-18
0.987061,-3.478532e-18
0.987305,-3.474984e-18
0.987549,-3.480518e-18
0.987793,-3.495351e-18
0.988037,-3.447886e-18
0.988281,-3.485944e-18
0.988525,-3.495063e-18
0.988770,-3.439343e-18
0.989014,-3.483806e-18
0.989258,-3.499199e-18
0.989502,-3.489895e-18
0.989746,-3.509787e-18
0.989990,-3.463027e-18
0.990234,-3.479293e-18
0.990479,-3.510988e-18
0.990723,-3.450817e-18
0.990967,-3.471715e-18
0.991211,-3.504303e-18
0.991455,-3.488097e-18
0.991699,-3.505734e-18
0.991943,-3.465982e-18
0.992188,-3.458662e-18
0.992432,-3.503833e-18
0.992676,-3.452658e-18
0.992920,-3.446134e-18
0.993164,-3.488553e-18
0.993408,-3.474865e-18
0.993652,-3.483982e-18
0.993896,-3.454094e-18
0.994141,-3.427267e-18
0.994385,-3.474253e-18
0.994629,-3.441688e-18
0.994873,-3.411473e-18
0.995117,-3.452847e-18
0.995361,-3.447644e-18
0.995605,-3.448407e-18
0.995850,-3.426461e-18
0.996094,-3.385072e-18
0.996338,-3.426210e-18
0.996582,-3.413806e-18
0.996826,-3.366864e-18
0.997070,-3.399677e-18
0.997314,-3.403676e-18
0.997559,-3.397855e-18
0.997803,-3.382560e-18
0.998047,-3.332258e-18
0.998291,-3.360994e-18
0.998535,-3.367956e-18
0.998779,-3.313814e-18
0.999023,-3.331069e-18
0.999268,-3.343380e-18
0.999512,-3.335039e-18
0.999756,-3.323127e-18
